tDays,Energy,Count,EnergyPerCountFiltered,Temp,X,Y,Z,BIN_0,BIN_1,BIN_2,BIN_3,BIN_4,BIN_5,BIN_6,BIN_7,BIN_8,BIN_9,BIN_10,BIN_11,BIN_12,BIN_13,BIN_14,BIN_15,BIN_16,BIN_17,BIN_18,BIN_19,BIN_20,BIN_21,BIN_22,BIN_23,BIN_24,BIN_25,BIN_26,BIN_27,BIN_28,BIN_29
46.5282986111,250297.0,19119.0,13.0915319839,700.0,271.0,65249.0,64644.0,615.0,1281.0,834.0,2763.0,4533.0,6706.0,1936.0,425.0,24.0,2.0,0.0,0.0,0.0,0.0,0.0,0.0,0.0,0.0,0.0,0.0,0.0,0.0,0.0,0.0,0.0,0.0,0.0,0.0,0.0,0.0
46.5303819444,250862.0,19121.0,13.1197113122,694.0,272.0,65248.0,64643.0,586.0,1238.0,766.0,2721.0,4495.0,7016.0,1905.0,366.0,20.0,8.0,0.0,0.0,0.0,0.0,0.0,0.0,0.0,0.0,0.0,0.0,0.0,0.0,0.0,0.0,0.0,0.0,0.0,0.0,0.0,0.0
46.5324652778,251063.0,19118.0,13.1322837117,698.0,272.0,65248.0,64647.0,580.0,1219.0,788.0,2783.0,4512.0,6873.0,1954.0,384.0,19.0,6.0,0.0,0.0,0.0,0.0,0.0,0.0,0.0,0.0,0.0,0.0,0.0,0.0,0.0,0.0,0.0,0.0,0.0,0.0,0.0,0.0
46.5345486111,247062.0,19116.0,12.9243565599,698.0,273.0,65248.0,64644.0,648.0,1344.0,813.0,2757.0,4257.0,7010.0,1916.0,347.0,22.0,2.0,0.0,0.0,0.0,0.0,0.0,0.0,0.0,0.0,0.0,0.0,0.0,0.0,0.0,0.0,0.0,0.0,0.0,0.0,0.0,0.0
46.5366319444,251437.0,19108.0,13.158729328,698.0,271.0,65251.0,64644.0,566.0,1331.0,769.0,2746.0,4154.0,7190.0,1975.0,348.0,28.0,1.0,0.0,0.0,0.0,0.0,0.0,0.0,0.0,0.0,0.0,0.0,0.0,0.0,0.0,0.0,0.0,0.0,0.0,0.0,0.0,0.0
46.5387152778,255599.0,19114.0,13.3723448781,697.0,272.0,65249.0,64646.0,597.0,1161.0,801.0,2725.0,4336.0,7077.0,2000.0,381.0,28.0,8.0,0.0,0.0,0.0,0.0,0.0,0.0,0.0,0.0,0.0,0.0,0.0,0.0,0.0,0.0,0.0,0.0,0.0,0.0,0.0,0.0
46.5407986111,255833.0,19113.0,13.3852875007,695.0,272.0,65251.0,64644.0,677.0,1213.0,734.0,2764.0,3950.0,7390.0,1963.0,392.0,26.0,4.0,0.0,0.0,0.0,0.0,0.0,0.0,0.0,0.0,0.0,0.0,0.0,0.0,0.0,0.0,0.0,0.0,0.0,0.0,0.0,0.0
46.5428819444,254325.0,19114.0,13.3056921628,698.0,273.0,65248.0,64646.0,619.0,1269.0,804.0,2682.0,4098.0,7268.0,1988.0,350.0,28.0,8.0,0.0,0.0,0.0,0.0,0.0,0.0,0.0,0.0,0.0,0.0,0.0,0.0,0.0,0.0,0.0,0.0,0.0,0.0,0.0,0.0
46.5449652778,255049.0,19113.0,13.3442682991,698.0,272.0,65249.0,64643.0,582.0,1263.0,733.0,2682.0,3951.0,7564.0,1974.0,335.0,24.0,5.0,0.0,0.0,0.0,0.0,0.0,0.0,0.0,0.0,0.0,0.0,0.0,0.0,0.0,0.0,0.0,0.0,0.0,0.0,0.0,0.0
46.5470486111,254598.0,19118.0,13.3171879904,698.0,272.0,65248.0,64646.0,637.0,1278.0,714.0,2651.0,4089.0,7378.0,1989.0,354.0,23.0,5.0,0.0,0.0,0.0,0.0,0.0,0.0,0.0,0.0,0.0,0.0,0.0,0.0,0.0,0.0,0.0,0.0,0.0,0.0,0.0,0.0
46.5491319444,253246.0,19114.0,13.2492413937,697.0,272.0,65252.0,64643.0,607.0,1264.0,783.0,2666.0,4047.0,7399.0,1981.0,340.0,24.0,3.0,0.0,0.0,0.0,0.0,0.0,0.0,0.0,0.0,0.0,0.0,0.0,0.0,0.0,0.0,0.0,0.0,0.0,0.0,0.0,0.0
46.5512152778,255434.0,19112.0,13.3651109251,698.0,273.0,65252.0,64639.0,608.0,1222.0,736.0,2691.0,4073.0,7379.0,2044.0,327.0,25.0,7.0,0.0,0.0,0.0,0.0,0.0,0.0,0.0,0.0,0.0,0.0,0.0,0.0,0.0,0.0,0.0,0.0,0.0,0.0,0.0,0.0
46.5532986111,255774.0,19113.0,13.3822005965,695.0,272.0,65248.0,64646.0,614.0,1246.0,716.0,2648.0,3935.0,7593.0,1992.0,341.0,25.0,3.0,0.0,0.0,0.0,0.0,0.0,0.0,0.0,0.0,0.0,0.0,0.0,0.0,0.0,0.0,0.0,0.0,0.0,0.0,0.0,0.0
46.5553819444,249196.0,19112.0,13.0387191293,697.0,271.0,65251.0,64643.0,629.0,1282.0,761.0,2696.0,4025.0,7401.0,2000.0,310.0,7.0,1.0,0.0,0.0,0.0,0.0,0.0,0.0,0.0,0.0,0.0,0.0,0.0,0.0,0.0,0.0,0.0,0.0,0.0,0.0,0.0,0.0
46.5574652778,248624.0,19118.0,13.0047076054,695.0,273.0,65250.0,64641.0,612.0,1282.0,771.0,2716.0,4053.0,7489.0,1862.0,311.0,19.0,3.0,0.0,0.0,0.0,0.0,0.0,0.0,0.0,0.0,0.0,0.0,0.0,0.0,0.0,0.0,0.0,0.0,0.0,0.0,0.0,0.0
46.5595486111,252129.0,19111.0,13.1928732144,695.0,275.0,65248.0,64644.0,604.0,1245.0,780.0,2733.0,3989.0,7451.0,1943.0,344.0,20.0,2.0,0.0,0.0,0.0,0.0,0.0,0.0,0.0,0.0,0.0,0.0,0.0,0.0,0.0,0.0,0.0,0.0,0.0,0.0,0.0,0.0
46.5616319444,254300.0,19111.0,13.3064727121,698.0,271.0,65249.0,64643.0,597.0,1180.0,736.0,2612.0,4152.0,7475.0,1994.0,348.0,16.0,1.0,0.0,0.0,0.0,0.0,0.0,0.0,0.0,0.0,0.0,0.0,0.0,0.0,0.0,0.0,0.0,0.0,0.0,0.0,0.0,0.0
46.5637152778,257487.0,19115.0,13.4704159037,694.0,272.0,65251.0,64643.0,638.0,1217.0,715.0,2662.0,3986.0,7535.0,1965.0,363.0,24.0,10.0,0.0,0.0,0.0,0.0,0.0,0.0,0.0,0.0,0.0,0.0,0.0,0.0,0.0,0.0,0.0,0.0,0.0,0.0,0.0,0.0
46.5657986111,255094.0,19113.0,13.3466227175,698.0,273.0,65249.0,64643.0,625.0,1268.0,743.0,2611.0,4043.0,7439.0,2013.0,348.0,16.0,7.0,0.0,0.0,0.0,0.0,0.0,0.0,0.0,0.0,0.0,0.0,0.0,0.0,0.0,0.0,0.0,0.0,0.0,0.0,0.0,0.0
46.5678819444,252102.0,19107.0,13.1942220129,695.0,271.0,65252.0,64641.0,550.0,1234.0,726.0,2732.0,4067.0,7486.0,1977.0,320.0,11.0,4.0,0.0,0.0,0.0,0.0,0.0,0.0,0.0,0.0,0.0,0.0,0.0,0.0,0.0,0.0,0.0,0.0,0.0,0.0,0.0,0.0
46.5699652778,252335.0,19109.0,13.205034277,695.0,273.0,65248.0,64643.0,597.0,1193.0,727.0,2714.0,4118.0,7424.0,1986.0,332.0,18.0,0.0,0.0,0.0,0.0,0.0,0.0,0.0,0.0,0.0,0.0,0.0,0.0,0.0,0.0,0.0,0.0,0.0,0.0,0.0,0.0,0.0
46.5720486111,254594.0,19106.0,13.3253428242,695.0,271.0,65249.0,64643.0,601.0,1224.0,781.0,2684.0,4082.0,7360.0,1999.0,347.0,21.0,7.0,0.0,0.0,0.0,0.0,0.0,0.0,0.0,0.0,0.0,0.0,0.0,0.0,0.0,0.0,0.0,0.0,0.0,0.0,0.0,0.0
46.5741319444,251324.0,19107.0,13.1535039514,695.0,271.0,65248.0,64646.0,571.0,1302.0,761.0,2707.0,4063.0,7393.0,1965.0,323.0,18.0,4.0,0.0,0.0,0.0,0.0,0.0,0.0,0.0,0.0,0.0,0.0,0.0,0.0,0.0,0.0,0.0,0.0,0.0,0.0,0.0,0.0
46.5762152778,260012.0,19122.0,13.5975316389,698.0,275.0,65252.0,64643.0,595.0,1204.0,738.0,2639.0,3997.0,7461.0,2096.0,361.0,21.0,10.0,0.0,0.0,0.0,0.0,0.0,0.0,0.0,0.0,0.0,0.0,0.0,0.0,0.0,0.0,0.0,0.0,0.0,0.0,0.0,0.0
46.5782986111,253987.0,19111.0,13.2900947099,695.0,273.0,65248.0,64643.0,650.0,1227.0,746.0,2641.0,4010.0,7527.0,1944.0,342.0,16.0,8.0,0.0,0.0,0.0,0.0,0.0,0.0,0.0,0.0,0.0,0.0,0.0,0.0,0.0,0.0,0.0,0.0,0.0,0.0,0.0,0.0
46.5803819444,257180.0,19112.0,13.4564671411,698.0,273.0,65248.0,64639.0,621.0,1184.0,762.0,2660.0,3897.0,7557.0,2055.0,352.0,21.0,3.0,0.0,0.0,0.0,0.0,0.0,0.0,0.0,0.0,0.0,0.0,0.0,0.0,0.0,0.0,0.0,0.0,0.0,0.0,0.0,0.0
46.5824652778,252338.0,19109.0,13.2051912711,698.0,275.0,65249.0,64647.0,608.0,1206.0,772.0,2649.0,3986.0,7562.0,1997.0,311.0,18.0,0.0,0.0,0.0,0.0,0.0,0.0,0.0,0.0,0.0,0.0,0.0,0.0,0.0,0.0,0.0,0.0,0.0,0.0,0.0,0.0,0.0
46.5845486111,255931.0,19109.0,13.3932178555,694.0,273.0,65251.0,64639.0,613.0,1263.0,702.0,2682.0,3893.0,7584.0,2014.0,328.0,24.0,6.0,0.0,0.0,0.0,0.0,0.0,0.0,0.0,0.0,0.0,0.0,0.0,0.0,0.0,0.0,0.0,0.0,0.0,0.0,0.0,0.0
46.5866319444,253363.0,19110.0,13.258137101,695.0,273.0,65249.0,64638.0,626.0,1279.0,694.0,2690.0,3984.0,7512.0,1992.0,299.0,29.0,5.0,0.0,0.0,0.0,0.0,0.0,0.0,0.0,0.0,0.0,0.0,0.0,0.0,0.0,0.0,0.0,0.0,0.0,0.0,0.0,0.0
46.5887152778,254017.0,19114.0,13.2895783196,693.0,273.0,65249.0,64643.0,637.0,1241.0,696.0,2684.0,4117.0,7430.0,1948.0,320.0,35.0,6.0,0.0,0.0,0.0,0.0,0.0,0.0,0.0,0.0,0.0,0.0,0.0,0.0,0.0,0.0,0.0,0.0,0.0,0.0,0.0,0.0
46.5907986111,258099.0,19109.0,13.5066722487,695.0,271.0,65248.0,64647.0,610.0,1219.0,734.0,2607.0,4155.0,7318.0,2066.0,368.0,25.0,7.0,0.0,0.0,0.0,0.0,0.0,0.0,0.0,0.0,0.0,0.0,0.0,0.0,0.0,0.0,0.0,0.0,0.0,0.0,0.0,0.0
46.5928819444,254093.0,19110.0,13.2963369963,695.0,271.0,65254.0,64639.0,635.0,1241.0,708.0,2707.0,4072.0,7396.0,1969.0,359.0,17.0,6.0,0.0,0.0,0.0,0.0,0.0,0.0,0.0,0.0,0.0,0.0,0.0,0.0,0.0,0.0,0.0,0.0,0.0,0.0,0.0,0.0
46.5949652778,256531.0,19115.0,13.420402825,695.0,273.0,65248.0,64644.0,634.0,1189.0,681.0,2681.0,3987.0,7536.0,2049.0,330.0,24.0,4.0,0.0,0.0,0.0,0.0,0.0,0.0,0.0,0.0,0.0,0.0,0.0,0.0,0.0,0.0,0.0,0.0,0.0,0.0,0.0,0.0
46.5970486111,256419.0,19118.0,13.4124385396,698.0,272.0,65247.0,64643.0,634.0,1193.0,739.0,2599.0,4083.0,7524.0,1944.0,375.0,22.0,5.0,0.0,0.0,0.0,0.0,0.0,0.0,0.0,0.0,0.0,0.0,0.0,0.0,0.0,0.0,0.0,0.0,0.0,0.0,0.0,0.0
46.5991319444,257475.0,19113.0,13.4711976142,693.0,275.0,65251.0,64639.0,575.0,1235.0,714.0,2589.0,4191.0,7385.0,2031.0,366.0,20.0,7.0,0.0,0.0,0.0,0.0,0.0,0.0,0.0,0.0,0.0,0.0,0.0,0.0,0.0,0.0,0.0,0.0,0.0,0.0,0.0,0.0
46.6012152778,252319.0,19108.0,13.204888005,698.0,275.0,65248.0,64639.0,664.0,1177.0,751.0,2766.0,4122.0,7212.0,2065.0,333.0,14.0,4.0,0.0,0.0,0.0,0.0,0.0,0.0,0.0,0.0,0.0,0.0,0.0,0.0,0.0,0.0,0.0,0.0,0.0,0.0,0.0,0.0
46.6032986111,255018.0,19110.0,13.3447409733,695.0,273.0,65248.0,64645.0,633.0,1196.0,709.0,2645.0,4154.0,7385.0,2010.0,352.0,24.0,2.0,0.0,0.0,0.0,0.0,0.0,0.0,0.0,0.0,0.0,0.0,0.0,0.0,0.0,0.0,0.0,0.0,0.0,0.0,0.0,0.0
46.6053819444,256234.0,19108.0,13.40977601,698.0,273.0,65249.0,64639.0,622.0,1170.0,738.0,2677.0,4016.0,7478.0,2035.0,350.0,16.0,6.0,0.0,0.0,0.0,0.0,0.0,0.0,0.0,0.0,0.0,0.0,0.0,0.0,0.0,0.0,0.0,0.0,0.0,0.0,0.0,0.0
46.6074652778,254786.0,19112.0,13.3312055253,698.0,272.0,65249.0,64643.0,627.0,1226.0,714.0,2663.0,4103.0,7395.0,2021.0,333.0,26.0,4.0,0.0,0.0,0.0,0.0,0.0,0.0,0.0,0.0,0.0,0.0,0.0,0.0,0.0,0.0,0.0,0.0,0.0,0.0,0.0,0.0
46.6095486111,254212.0,19112.0,13.3011720385,697.0,272.0,65248.0,64639.0,615.0,1188.0,730.0,2717.0,4001.0,7513.0,1995.0,329.0,20.0,4.0,0.0,0.0,0.0,0.0,0.0,0.0,0.0,0.0,0.0,0.0,0.0,0.0,0.0,0.0,0.0,0.0,0.0,0.0,0.0,0.0
46.6116319444,257230.0,19112.0,13.4590832985,695.0,273.0,65252.0,64643.0,618.0,1262.0,696.0,2644.0,3840.0,7606.0,2080.0,345.0,19.0,2.0,0.0,0.0,0.0,0.0,0.0,0.0,0.0,0.0,0.0,0.0,0.0,0.0,0.0,0.0,0.0,0.0,0.0,0.0,0.0,0.0
46.6137152778,256915.0,19110.0,13.4440083726,698.0,272.0,65251.0,64639.0,619.0,1197.0,683.0,2642.0,3935.0,7591.0,2089.0,337.0,15.0,2.0,0.0,0.0,0.0,0.0,0.0,0.0,0.0,0.0,0.0,0.0,0.0,0.0,0.0,0.0,0.0,0.0,0.0,0.0,0.0,0.0
46.6157986111,254162.0,19110.0,13.2999476714,698.0,271.0,65248.0,64639.0,629.0,1282.0,714.0,2639.0,3932.0,7546.0,2022.0,323.0,20.0,3.0,0.0,0.0,0.0,0.0,0.0,0.0,0.0,0.0,0.0,0.0,0.0,0.0,0.0,0.0,0.0,0.0,0.0,0.0,0.0,0.0
46.6178819444,252997.0,19112.0,13.237599414,698.0,272.0,65251.0,64646.0,618.0,1269.0,678.0,2727.0,3871.0,7685.0,1937.0,300.0,20.0,7.0,0.0,0.0,0.0,0.0,0.0,0.0,0.0,0.0,0.0,0.0,0.0,0.0,0.0,0.0,0.0,0.0,0.0,0.0,0.0,0.0
46.6199652778,253440.0,19106.0,13.2649429499,695.0,273.0,65249.0,64643.0,651.0,1260.0,706.0,2624.0,3992.0,7549.0,1974.0,327.0,19.0,4.0,0.0,0.0,0.0,0.0,0.0,0.0,0.0,0.0,0.0,0.0,0.0,0.0,0.0,0.0,0.0,0.0,0.0,0.0,0.0,0.0
46.6220486111,254963.0,19117.0,13.3369775592,695.0,275.0,65248.0,64639.0,618.0,1245.0,705.0,2657.0,4054.0,7476.0,1991.0,341.0,28.0,2.0,0.0,0.0,0.0,0.0,0.0,0.0,0.0,0.0,0.0,0.0,0.0,0.0,0.0,0.0,0.0,0.0,0.0,0.0,0.0,0.0
46.6241319444,257649.0,19107.0,13.4845344638,698.0,271.0,65248.0,64643.0,593.0,1151.0,691.0,2721.0,4071.0,7425.0,2098.0,328.0,21.0,8.0,0.0,0.0,0.0,0.0,0.0,0.0,0.0,0.0,0.0,0.0,0.0,0.0,0.0,0.0,0.0,0.0,0.0,0.0,0.0,0.0
46.6262152778,257561.0,19112.0,13.4764022604,695.0,271.0,65249.0,64644.0,635.0,1201.0,674.0,2719.0,3961.0,7500.0,2059.0,325.0,31.0,7.0,0.0,0.0,0.0,0.0,0.0,0.0,0.0,0.0,0.0,0.0,0.0,0.0,0.0,0.0,0.0,0.0,0.0,0.0,0.0,0.0
46.6282986111,256948.0,19106.0,13.4485501937,695.0,271.0,65249.0,64643.0,650.0,1136.0,676.0,2669.0,3999.0,7551.0,2087.0,304.0,31.0,3.0,0.0,0.0,0.0,0.0,0.0,0.0,0.0,0.0,0.0,0.0,0.0,0.0,0.0,0.0,0.0,0.0,0.0,0.0,0.0,0.0
46.6303819444,258108.0,19115.0,13.5029034789,694.0,271.0,65249.0,64646.0,614.0,1190.0,703.0,2656.0,3995.0,7474.0,2123.0,331.0,25.0,4.0,0.0,0.0,0.0,0.0,0.0,0.0,0.0,0.0,0.0,0.0,0.0,0.0,0.0,0.0,0.0,0.0,0.0,0.0,0.0,0.0
46.6324652778,257092.0,19106.0,13.4560870931,695.0,272.0,65251.0,64643.0,625.0,1220.0,718.0,2639.0,3865.0,7630.0,2040.0,346.0,19.0,4.0,0.0,0.0,0.0,0.0,0.0,0.0,0.0,0.0,0.0,0.0,0.0,0.0,0.0,0.0,0.0,0.0,0.0,0.0,0.0,0.0
46.6345486111,258032.0,19118.0,13.4968092897,695.0,273.0,65248.0,64639.0,617.0,1182.0,689.0,2644.0,3968.0,7608.0,2041.0,340.0,24.0,5.0,0.0,0.0,0.0,0.0,0.0,0.0,0.0,0.0,0.0,0.0,0.0,0.0,0.0,0.0,0.0,0.0,0.0,0.0,0.0,0.0
46.6366319444,253488.0,19107.0,13.266760873,695.0,275.0,65251.0,64640.0,671.0,1206.0,663.0,2563.0,4036.0,7672.0,1967.0,309.0,17.0,3.0,0.0,0.0,0.0,0.0,0.0,0.0,0.0,0.0,0.0,0.0,0.0,0.0,0.0,0.0,0.0,0.0,0.0,0.0,0.0,0.0
46.6387152778,258055.0,19114.0,13.5008370828,694.0,273.0,65248.0,64639.0,588.0,1249.0,671.0,2644.0,3885.0,7675.0,2022.0,359.0,16.0,5.0,0.0,0.0,0.0,0.0,0.0,0.0,0.0,0.0,0.0,0.0,0.0,0.0,0.0,0.0,0.0,0.0,0.0,0.0,0.0,0.0
46.6407986111,255615.0,19107.0,13.3780813314,695.0,275.0,65248.0,64643.0,593.0,1231.0,712.0,2784.0,3890.0,7541.0,1986.0,340.0,23.0,7.0,0.0,0.0,0.0,0.0,0.0,0.0,0.0,0.0,0.0,0.0,0.0,0.0,0.0,0.0,0.0,0.0,0.0,0.0,0.0,0.0
46.6428819444,256368.0,19100.0,13.422408377,695.0,271.0,65251.0,64639.0,660.0,1212.0,650.0,2584.0,3922.0,7687.0,2036.0,325.0,23.0,1.0,0.0,0.0,0.0,0.0,0.0,0.0,0.0,0.0,0.0,0.0,0.0,0.0,0.0,0.0,0.0,0.0,0.0,0.0,0.0,0.0
46.6449652778,259903.0,19113.0,13.5982315701,698.0,273.0,65249.0,64639.0,606.0,1215.0,714.0,2637.0,3867.0,7602.0,2080.0,363.0,24.0,5.0,0.0,0.0,0.0,0.0,0.0,0.0,0.0,0.0,0.0,0.0,0.0,0.0,0.0,0.0,0.0,0.0,0.0,0.0,0.0,0.0
46.6470486111,256668.0,19117.0,13.4261651933,695.0,273.0,65248.0,64644.0,656.0,1216.0,676.0,2603.0,3883.0,7721.0,1994.0,343.0,24.0,1.0,0.0,0.0,0.0,0.0,0.0,0.0,0.0,0.0,0.0,0.0,0.0,0.0,0.0,0.0,0.0,0.0,0.0,0.0,0.0,0.0
46.6491319444,255724.0,19113.0,13.3795845759,694.0,275.0,65249.0,64643.0,637.0,1272.0,690.0,2586.0,3931.0,7609.0,2026.0,340.0,21.0,1.0,0.0,0.0,0.0,0.0,0.0,0.0,0.0,0.0,0.0,0.0,0.0,0.0,0.0,0.0,0.0,0.0,0.0,0.0,0.0,0.0
46.6512152778,254537.0,19113.0,13.317480249,697.0,272.0,65248.0,64641.0,631.0,1223.0,675.0,2669.0,3979.0,7537.0,2065.0,318.0,13.0,3.0,0.0,0.0,0.0,0.0,0.0,0.0,0.0,0.0,0.0,0.0,0.0,0.0,0.0,0.0,0.0,0.0,0.0,0.0,0.0,0.0
46.6532986111,261820.0,19114.0,13.6978131213,695.0,271.0,65248.0,64651.0,647.0,1174.0,683.0,2522.0,3897.0,7692.0,2117.0,347.0,31.0,4.0,0.0,0.0,0.0,0.0,0.0,0.0,0.0,0.0,0.0,0.0,0.0,0.0,0.0,0.0,0.0,0.0,0.0,0.0,0.0,0.0
46.6553819444,255028.0,19109.0,13.3459626354,697.0,271.0,65248.0,64647.0,678.0,1200.0,672.0,2663.0,4009.0,7534.0,1986.0,341.0,22.0,4.0,0.0,0.0,0.0,0.0,0.0,0.0,0.0,0.0,0.0,0.0,0.0,0.0,0.0,0.0,0.0,0.0,0.0,0.0,0.0,0.0
46.6574652778,252968.0,19116.0,13.2333124085,695.0,272.0,65248.0,64643.0,628.0,1202.0,717.0,2691.0,3958.0,7658.0,1940.0,298.0,15.0,9.0,0.0,0.0,0.0,0.0,0.0,0.0,0.0,0.0,0.0,0.0,0.0,0.0,0.0,0.0,0.0,0.0,0.0,0.0,0.0,0.0
46.6595486111,257906.0,19128.0,13.4831660393,695.0,273.0,65251.0,64639.0,589.0,1204.0,707.0,2712.0,3895.0,7592.0,2065.0,336.0,23.0,5.0,0.0,0.0,0.0,0.0,0.0,0.0,0.0,0.0,0.0,0.0,0.0,0.0,0.0,0.0,0.0,0.0,0.0,0.0,0.0,0.0
46.6616319444,257846.0,19111.0,13.4920203024,694.0,271.0,65248.0,64644.0,636.0,1278.0,666.0,2655.0,3865.0,7584.0,2052.0,347.0,21.0,7.0,0.0,0.0,0.0,0.0,0.0,0.0,0.0,0.0,0.0,0.0,0.0,0.0,0.0,0.0,0.0,0.0,0.0,0.0,0.0,0.0
46.6637152778,256350.0,19113.0,13.4123371527,695.0,273.0,65248.0,64643.0,578.0,1238.0,676.0,2718.0,3863.0,7677.0,2018.0,320.0,18.0,7.0,0.0,0.0,0.0,0.0,0.0,0.0,0.0,0.0,0.0,0.0,0.0,0.0,0.0,0.0,0.0,0.0,0.0,0.0,0.0,0.0
46.6657986111,256585.0,19114.0,13.4239301036,698.0,272.0,65251.0,64643.0,643.0,1241.0,752.0,2644.0,3894.0,7537.0,2040.0,330.0,26.0,7.0,0.0,0.0,0.0,0.0,0.0,0.0,0.0,0.0,0.0,0.0,0.0,0.0,0.0,0.0,0.0,0.0,0.0,0.0,0.0,0.0
46.6678819444,258850.0,19117.0,13.5403044411,694.0,272.0,65248.0,64647.0,630.0,1260.0,703.0,2552.0,3981.0,7573.0,2027.0,363.0,18.0,10.0,0.0,0.0,0.0,0.0,0.0,0.0,0.0,0.0,0.0,0.0,0.0,0.0,0.0,0.0,0.0,0.0,0.0,0.0,0.0,0.0
46.6699652778,257873.0,19106.0,13.4969643044,697.0,271.0,65251.0,64639.0,656.0,1209.0,670.0,2609.0,3861.0,7747.0,1984.0,335.0,30.0,5.0,0.0,0.0,0.0,0.0,0.0,0.0,0.0,0.0,0.0,0.0,0.0,0.0,0.0,0.0,0.0,0.0,0.0,0.0,0.0,0.0
46.6720486111,254918.0,19120.0,13.3325313808,698.0,271.0,65249.0,64646.0,631.0,1256.0,697.0,2677.0,4005.0,7471.0,2022.0,335.0,22.0,4.0,0.0,0.0,0.0,0.0,0.0,0.0,0.0,0.0,0.0,0.0,0.0,0.0,0.0,0.0,0.0,0.0,0.0,0.0,0.0,0.0
46.6741319444,255270.0,19105.0,13.3614237111,697.0,272.0,65248.0,64647.0,614.0,1174.0,692.0,2732.0,3905.0,7645.0,1967.0,363.0,10.0,3.0,0.0,0.0,0.0,0.0,0.0,0.0,0.0,0.0,0.0,0.0,0.0,0.0,0.0,0.0,0.0,0.0,0.0,0.0,0.0,0.0
46.6762152778,258910.0,19116.0,13.5441514961,697.0,272.0,65248.0,64646.0,631.0,1238.0,632.0,2626.0,3884.0,7657.0,2091.0,327.0,25.0,5.0,0.0,0.0,0.0,0.0,0.0,0.0,0.0,0.0,0.0,0.0,0.0,0.0,0.0,0.0,0.0,0.0,0.0,0.0,0.0,0.0
46.6782986111,255533.0,19119.0,13.3653956797,697.0,276.0,65251.0,64636.0,622.0,1299.0,631.0,2691.0,3980.0,7496.0,2032.0,347.0,17.0,4.0,0.0,0.0,0.0,0.0,0.0,0.0,0.0,0.0,0.0,0.0,0.0,0.0,0.0,0.0,0.0,0.0,0.0,0.0,0.0,0.0
46.6803819444,258845.0,19110.0,13.5450026164,698.0,271.0,65248.0,64643.0,613.0,1247.0,645.0,2663.0,3881.0,7679.0,1987.0,364.0,24.0,7.0,0.0,0.0,0.0,0.0,0.0,0.0,0.0,0.0,0.0,0.0,0.0,0.0,0.0,0.0,0.0,0.0,0.0,0.0,0.0,0.0
46.6824652778,256894.0,19109.0,13.4436129572,697.0,271.0,65254.0,64639.0,592.0,1220.0,679.0,2571.0,3922.0,7745.0,2045.0,310.0,23.0,2.0,0.0,0.0,0.0,0.0,0.0,0.0,0.0,0.0,0.0,0.0,0.0,0.0,0.0,0.0,0.0,0.0,0.0,0.0,0.0,0.0
46.6845486111,255705.0,19107.0,13.382791647,698.0,273.0,65251.0,64646.0,632.0,1193.0,702.0,2623.0,3981.0,7557.0,2108.0,284.0,21.0,6.0,0.0,0.0,0.0,0.0,0.0,0.0,0.0,0.0,0.0,0.0,0.0,0.0,0.0,0.0,0.0,0.0,0.0,0.0,0.0,0.0
46.6866319444,259512.0,19117.0,13.5749333054,698.0,271.0,65247.0,64643.0,593.0,1188.0,672.0,2719.0,3917.0,7599.0,2056.0,340.0,22.0,11.0,0.0,0.0,0.0,0.0,0.0,0.0,0.0,0.0,0.0,0.0,0.0,0.0,0.0,0.0,0.0,0.0,0.0,0.0,0.0,0.0
46.6887152778,254159.0,19113.0,13.297703134,698.0,272.0,65249.0,64643.0,660.0,1213.0,687.0,2717.0,3944.0,7488.0,2060.0,326.0,16.0,2.0,0.0,0.0,0.0,0.0,0.0,0.0,0.0,0.0,0.0,0.0,0.0,0.0,0.0,0.0,0.0,0.0,0.0,0.0,0.0,0.0
46.6960069444,256111.0,19121.0,13.3942262434,698.0,272.0,65248.0,64641.0,605.0,1251.0,724.0,2649.0,4156.0,7320.0,2017.0,372.0,22.0,5.0,0.0,0.0,0.0,0.0,0.0,0.0,0.0,0.0,0.0,0.0,0.0,0.0,0.0,0.0,0.0,0.0,0.0,0.0,0.0,0.0
46.6980902778,253320.0,19115.0,13.2524195658,698.0,271.0,65251.0,64646.0,677.0,1158.0,723.0,2755.0,4066.0,7388.0,1980.0,344.0,20.0,4.0,0.0,0.0,0.0,0.0,0.0,0.0,0.0,0.0,0.0,0.0,0.0,0.0,0.0,0.0,0.0,0.0,0.0,0.0,0.0,0.0
46.7001736111,254520.0,19117.0,13.3138044672,698.0,272.0,65249.0,64643.0,585.0,1206.0,753.0,2672.0,4180.0,7364.0,1970.0,363.0,20.0,4.0,0.0,0.0,0.0,0.0,0.0,0.0,0.0,0.0,0.0,0.0,0.0,0.0,0.0,0.0,0.0,0.0,0.0,0.0,0.0,0.0
46.7022569444,256321.0,19114.0,13.4101182379,695.0,272.0,65251.0,64639.0,643.0,1285.0,676.0,2627.0,4025.0,7434.0,2026.0,377.0,18.0,3.0,0.0,0.0,0.0,0.0,0.0,0.0,0.0,0.0,0.0,0.0,0.0,0.0,0.0,0.0,0.0,0.0,0.0,0.0,0.0,0.0
46.7043402778,259807.0,19110.0,13.5953427525,693.0,275.0,65249.0,64643.0,623.0,1153.0,639.0,2726.0,4005.0,7484.0,2089.0,359.0,26.0,6.0,0.0,0.0,0.0,0.0,0.0,0.0,0.0,0.0,0.0,0.0,0.0,0.0,0.0,0.0,0.0,0.0,0.0,0.0,0.0,0.0
46.7064236111,254416.0,19114.0,13.310453071,700.0,271.0,65249.0,64643.0,653.0,1272.0,684.0,2674.0,3903.0,7598.0,1971.0,330.0,26.0,3.0,0.0,0.0,0.0,0.0,0.0,0.0,0.0,0.0,0.0,0.0,0.0,0.0,0.0,0.0,0.0,0.0,0.0,0.0,0.0,0.0
46.7085069444,257150.0,19112.0,13.4548974466,698.0,272.0,65251.0,64639.0,611.0,1246.0,666.0,2657.0,3823.0,7719.0,2036.0,328.0,23.0,3.0,0.0,0.0,0.0,0.0,0.0,0.0,0.0,0.0,0.0,0.0,0.0,0.0,0.0,0.0,0.0,0.0,0.0,0.0,0.0,0.0
46.7105902778,256065.0,19115.0,13.3960240649,698.0,275.0,65250.0,64647.0,649.0,1263.0,627.0,2643.0,3904.0,7696.0,1943.0,373.0,14.0,3.0,0.0,0.0,0.0,0.0,0.0,0.0,0.0,0.0,0.0,0.0,0.0,0.0,0.0,0.0,0.0,0.0,0.0,0.0,0.0,0.0
46.7126736111,255952.0,19106.0,13.3964199728,698.0,272.0,65249.0,64639.0,570.0,1190.0,639.0,2705.0,4021.0,7600.0,2046.0,312.0,19.0,4.0,0.0,0.0,0.0,0.0,0.0,0.0,0.0,0.0,0.0,0.0,0.0,0.0,0.0,0.0,0.0,0.0,0.0,0.0,0.0,0.0
46.7147569444,255862.0,19110.0,13.3889063318,698.0,273.0,65251.0,64647.0,657.0,1228.0,671.0,2707.0,3878.0,7543.0,2058.0,355.0,9.0,4.0,0.0,0.0,0.0,0.0,0.0,0.0,0.0,0.0,0.0,0.0,0.0,0.0,0.0,0.0,0.0,0.0,0.0,0.0,0.0,0.0
46.7168402778,256657.0,19110.0,13.4305075877,698.0,272.0,65248.0,64647.0,609.0,1195.0,723.0,2630.0,3895.0,7669.0,2043.0,317.0,27.0,2.0,0.0,0.0,0.0,0.0,0.0,0.0,0.0,0.0,0.0,0.0,0.0,0.0,0.0,0.0,0.0,0.0,0.0,0.0,0.0,0.0
46.7189236111,257422.0,19119.0,13.4641979183,698.0,275.0,65248.0,64642.0,627.0,1210.0,642.0,2622.0,3939.0,7676.0,2064.0,312.0,22.0,5.0,0.0,0.0,0.0,0.0,0.0,0.0,0.0,0.0,0.0,0.0,0.0,0.0,0.0,0.0,0.0,0.0,0.0,0.0,0.0,0.0
46.7210069444,258848.0,19112.0,13.5437421515,698.0,272.0,65251.0,64643.0,663.0,1208.0,646.0,2543.0,3856.0,7760.0,2083.0,333.0,15.0,5.0,0.0,0.0,0.0,0.0,0.0,0.0,0.0,0.0,0.0,0.0,0.0,0.0,0.0,0.0,0.0,0.0,0.0,0.0,0.0,0.0
46.7230902778,254571.0,19102.0,13.3269291174,698.0,272.0,65249.0,64644.0,617.0,1241.0,685.0,2740.0,3849.0,7654.0,1978.0,310.0,20.0,8.0,0.0,0.0,0.0,0.0,0.0,0.0,0.0,0.0,0.0,0.0,0.0,0.0,0.0,0.0,0.0,0.0,0.0,0.0,0.0,0.0
46.7251736111,257442.0,19116.0,13.4673571877,700.0,273.0,65248.0,64640.0,640.0,1246.0,718.0,2566.0,3890.0,7636.0,2064.0,323.0,31.0,2.0,0.0,0.0,0.0,0.0,0.0,0.0,0.0,0.0,0.0,0.0,0.0,0.0,0.0,0.0,0.0,0.0,0.0,0.0,0.0,0.0
46.7272569444,252011.0,19111.0,13.1866987599,695.0,271.0,65248.0,64643.0,616.0,1215.0,740.0,2577.0,3948.0,7750.0,1961.0,289.0,13.0,2.0,0.0,0.0,0.0,0.0,0.0,0.0,0.0,0.0,0.0,0.0,0.0,0.0,0.0,0.0,0.0,0.0,0.0,0.0,0.0,0.0
46.7293402778,256348.0,19118.0,13.408724762,698.0,271.0,65251.0,64646.0,605.0,1256.0,664.0,2633.0,3920.0,7584.0,2127.0,313.0,13.0,3.0,0.0,0.0,0.0,0.0,0.0,0.0,0.0,0.0,0.0,0.0,0.0,0.0,0.0,0.0,0.0,0.0,0.0,0.0,0.0,0.0
46.7314236111,254340.0,19110.0,13.3092621664,698.0,272.0,65249.0,64643.0,660.0,1246.0,685.0,2661.0,3793.0,7731.0,2000.0,314.0,17.0,3.0,0.0,0.0,0.0,0.0,0.0,0.0,0.0,0.0,0.0,0.0,0.0,0.0,0.0,0.0,0.0,0.0,0.0,0.0,0.0,0.0
46.7335069444,255444.0,19113.0,13.3649348611,698.0,273.0,65249.0,64647.0,620.0,1260.0,682.0,2651.0,3775.0,7831.0,1954.0,314.0,20.0,6.0,0.0,0.0,0.0,0.0,0.0,0.0,0.0,0.0,0.0,0.0,0.0,0.0,0.0,0.0,0.0,0.0,0.0,0.0,0.0,0.0
46.7355902778,254783.0,19115.0,13.328956317,695.0,271.0,65251.0,64646.0,614.0,1243.0,704.0,2575.0,3997.0,7594.0,2063.0,303.0,21.0,1.0,0.0,0.0,0.0,0.0,0.0,0.0,0.0,0.0,0.0,0.0,0.0,0.0,0.0,0.0,0.0,0.0,0.0,0.0,0.0,0.0
46.7376736111,256121.0,19123.0,13.393348324,698.0,272.0,65249.0,64643.0,619.0,1273.0,654.0,2649.0,3810.0,7749.0,2013.0,338.0,17.0,1.0,0.0,0.0,0.0,0.0,0.0,0.0,0.0,0.0,0.0,0.0,0.0,0.0,0.0,0.0,0.0,0.0,0.0,0.0,0.0,0.0
46.7397569444,258237.0,19122.0,13.5047066206,698.0,273.0,65251.0,64646.0,604.0,1201.0,634.0,2612.0,3839.0,7837.0,2066.0,307.0,17.0,5.0,0.0,0.0,0.0,0.0,0.0,0.0,0.0,0.0,0.0,0.0,0.0,0.0,0.0,0.0,0.0,0.0,0.0,0.0,0.0,0.0
46.7418402778,254948.0,19114.0,13.338286073,698.0,271.0,65251.0,64639.0,594.0,1220.0,606.0,2629.0,4040.0,7659.0,2061.0,285.0,17.0,3.0,0.0,0.0,0.0,0.0,0.0,0.0,0.0,0.0,0.0,0.0,0.0,0.0,0.0,0.0,0.0,0.0,0.0,0.0,0.0,0.0
46.7439236111,262511.0,19120.0,13.7296548117,698.0,272.0,65249.0,64639.0,674.0,1249.0,609.0,2575.0,3648.0,7877.0,2092.0,369.0,23.0,4.0,0.0,0.0,0.0,0.0,0.0,0.0,0.0,0.0,0.0,0.0,0.0,0.0,0.0,0.0,0.0,0.0,0.0,0.0,0.0,0.0
46.7460069444,257088.0,19116.0,13.4488386692,698.0,273.0,65248.0,64643.0,643.0,1236.0,660.0,2581.0,3788.0,7829.0,2062.0,290.0,22.0,5.0,0.0,0.0,0.0,0.0,0.0,0.0,0.0,0.0,0.0,0.0,0.0,0.0,0.0,0.0,0.0,0.0,0.0,0.0,0.0,0.0
46.7480902778,261880.0,19109.0,13.7045371291,698.0,272.0,65248.0,64647.0,635.0,1180.0,604.0,2539.0,3917.0,7787.0,2057.0,359.0,26.0,5.0,0.0,0.0,0.0,0.0,0.0,0.0,0.0,0.0,0.0,0.0,0.0,0.0,0.0,0.0,0.0,0.0,0.0,0.0,0.0,0.0
46.7501736111,261528.0,19112.0,13.6839681875,702.0,271.0,65248.0,64646.0,666.0,1142.0,629.0,2588.0,3787.0,7851.0,2078.0,338.0,29.0,4.0,0.0,0.0,0.0,0.0,0.0,0.0,0.0,0.0,0.0,0.0,0.0,0.0,0.0,0.0,0.0,0.0,0.0,0.0,0.0,0.0
46.7522569444,259295.0,19115.0,13.5650013079,698.0,273.0,65248.0,64646.0,599.0,1147.0,606.0,2666.0,3862.0,7835.0,2051.0,319.0,29.0,1.0,0.0,0.0,0.0,0.0,0.0,0.0,0.0,0.0,0.0,0.0,0.0,0.0,0.0,0.0,0.0,0.0,0.0,0.0,0.0,0.0
46.7543402778,259598.0,19117.0,13.5794319192,698.0,271.0,65250.0,64643.0,660.0,1186.0,602.0,2728.0,3837.0,7709.0,2017.0,341.0,28.0,9.0,0.0,0.0,0.0,0.0,0.0,0.0,0.0,0.0,0.0,0.0,0.0,0.0,0.0,0.0,0.0,0.0,0.0,0.0,0.0,0.0
46.7564236111,258842.0,19121.0,13.5370535014,698.0,271.0,65254.0,64643.0,619.0,1178.0,676.0,2652.0,3851.0,7673.0,2153.0,289.0,23.0,7.0,0.0,0.0,0.0,0.0,0.0,0.0,0.0,0.0,0.0,0.0,0.0,0.0,0.0,0.0,0.0,0.0,0.0,0.0,0.0,0.0
46.7585069444,257129.0,19114.0,13.4523909177,700.0,272.0,65251.0,64639.0,648.0,1203.0,653.0,2531.0,3922.0,7818.0,1995.0,314.0,28.0,2.0,0.0,0.0,0.0,0.0,0.0,0.0,0.0,0.0,0.0,0.0,0.0,0.0,0.0,0.0,0.0,0.0,0.0,0.0,0.0,0.0
46.7605902778,258344.0,19124.0,13.5088893537,700.0,273.0,65251.0,64641.0,607.0,1184.0,636.0,2736.0,3766.0,7848.0,1997.0,314.0,31.0,5.0,0.0,0.0,0.0,0.0,0.0,0.0,0.0,0.0,0.0,0.0,0.0,0.0,0.0,0.0,0.0,0.0,0.0,0.0,0.0,0.0
46.7626736111,261090.0,19121.0,13.6546205742,702.0,272.0,65252.0,64647.0,630.0,1158.0,618.0,2620.0,3789.0,7925.0,2005.0,337.0,36.0,3.0,0.0,0.0,0.0,0.0,0.0,0.0,0.0,0.0,0.0,0.0,0.0,0.0,0.0,0.0,0.0,0.0,0.0,0.0,0.0,0.0
46.7647569444,260880.0,19116.0,13.6472065286,698.0,275.0,65249.0,64646.0,629.0,1176.0,628.0,2584.0,3806.0,7898.0,2029.0,334.0,25.0,7.0,0.0,0.0,0.0,0.0,0.0,0.0,0.0,0.0,0.0,0.0,0.0,0.0,0.0,0.0,0.0,0.0,0.0,0.0,0.0,0.0
46.7668402778,255593.0,19114.0,13.3720309721,700.0,272.0,65249.0,64643.0,678.0,1249.0,610.0,2577.0,3786.0,7819.0,2086.0,297.0,11.0,1.0,0.0,0.0,0.0,0.0,0.0,0.0,0.0,0.0,0.0,0.0,0.0,0.0,0.0,0.0,0.0,0.0,0.0,0.0,0.0,0.0
46.7689236111,253977.0,19121.0,13.2826212018,698.0,272.0,65249.0,64647.0,660.0,1239.0,615.0,2673.0,3860.0,7745.0,2014.0,293.0,22.0,0.0,0.0,0.0,0.0,0.0,0.0,0.0,0.0,0.0,0.0,0.0,0.0,0.0,0.0,0.0,0.0,0.0,0.0,0.0,0.0,0.0
46.7710069444,261979.0,19120.0,13.7018305439,701.0,278.0,65249.0,64643.0,607.0,1149.0,631.0,2624.0,3784.0,7825.0,2161.0,308.0,25.0,6.0,0.0,0.0,0.0,0.0,0.0,0.0,0.0,0.0,0.0,0.0,0.0,0.0,0.0,0.0,0.0,0.0,0.0,0.0,0.0,0.0
46.7730902778,259174.0,19115.0,13.5586712006,702.0,273.0,65249.0,64644.0,648.0,1140.0,665.0,2662.0,3761.0,7850.0,2038.0,323.0,21.0,7.0,0.0,0.0,0.0,0.0,0.0,0.0,0.0,0.0,0.0,0.0,0.0,0.0,0.0,0.0,0.0,0.0,0.0,0.0,0.0,0.0
46.7751736111,262541.0,19116.0,13.7340970914,698.0,272.0,65249.0,64643.0,603.0,1105.0,578.0,2516.0,3869.0,7930.0,2183.0,316.0,14.0,2.0,0.0,0.0,0.0,0.0,0.0,0.0,0.0,0.0,0.0,0.0,0.0,0.0,0.0,0.0,0.0,0.0,0.0,0.0,0.0,0.0
46.7772569444,254561.0,19113.0,13.3187359389,704.0,272.0,65248.0,64644.0,608.0,1269.0,638.0,2600.0,3628.0,8103.0,1986.0,261.0,19.0,1.0,0.0,0.0,0.0,0.0,0.0,0.0,0.0,0.0,0.0,0.0,0.0,0.0,0.0,0.0,0.0,0.0,0.0,0.0,0.0,0.0
46.7793402778,257424.0,19112.0,13.4692339891,698.0,272.0,65248.0,64647.0,647.0,1276.0,636.0,2547.0,3766.0,7830.0,2074.0,316.0,19.0,1.0,0.0,0.0,0.0,0.0,0.0,0.0,0.0,0.0,0.0,0.0,0.0,0.0,0.0,0.0,0.0,0.0,0.0,0.0,0.0,0.0
46.7814236111,258961.0,19119.0,13.5446937601,702.0,275.0,65251.0,64641.0,606.0,1197.0,616.0,2683.0,3761.0,7814.0,2094.0,332.0,13.0,3.0,0.0,0.0,0.0,0.0,0.0,0.0,0.0,0.0,0.0,0.0,0.0,0.0,0.0,0.0,0.0,0.0,0.0,0.0,0.0,0.0
46.7835069444,258354.0,19124.0,13.5094122569,702.0,273.0,65251.0,64643.0,677.0,1138.0,672.0,2482.0,3873.0,7893.0,2063.0,302.0,22.0,2.0,0.0,0.0,0.0,0.0,0.0,0.0,0.0,0.0,0.0,0.0,0.0,0.0,0.0,0.0,0.0,0.0,0.0,0.0,0.0,0.0
46.7855902778,259762.0,19119.0,13.5865892568,701.0,273.0,65249.0,64644.0,632.0,1198.0,608.0,2715.0,3743.0,7742.0,2118.0,341.0,20.0,2.0,0.0,0.0,0.0,0.0,0.0,0.0,0.0,0.0,0.0,0.0,0.0,0.0,0.0,0.0,0.0,0.0,0.0,0.0,0.0,0.0
46.7876736111,255819.0,19125.0,13.3761568627,701.0,275.0,65251.0,64638.0,716.0,1169.0,587.0,2685.0,3776.0,7835.0,2048.0,290.0,14.0,5.0,0.0,0.0,0.0,0.0,0.0,0.0,0.0,0.0,0.0,0.0,0.0,0.0,0.0,0.0,0.0,0.0,0.0,0.0,0.0,0.0
46.7897569444,257250.0,19126.0,13.4502771097,698.0,273.0,65249.0,64643.0,669.0,1190.0,618.0,2724.0,3709.0,7821.0,2061.0,310.0,22.0,2.0,0.0,0.0,0.0,0.0,0.0,0.0,0.0,0.0,0.0,0.0,0.0,0.0,0.0,0.0,0.0,0.0,0.0,0.0,0.0,0.0
46.7918402778,258029.0,19123.0,13.4931234639,702.0,272.0,65248.0,64636.0,613.0,1235.0,617.0,2678.0,3742.0,7860.0,2056.0,287.0,31.0,4.0,0.0,0.0,0.0,0.0,0.0,0.0,0.0,0.0,0.0,0.0,0.0,0.0,0.0,0.0,0.0,0.0,0.0,0.0,0.0,0.0
46.7939236111,257007.0,19115.0,13.4453047345,702.0,273.0,65251.0,64640.0,698.0,1223.0,624.0,2600.0,3663.0,7959.0,2030.0,292.0,22.0,4.0,0.0,0.0,0.0,0.0,0.0,0.0,0.0,0.0,0.0,0.0,0.0,0.0,0.0,0.0,0.0,0.0,0.0,0.0,0.0,0.0
46.7960069444,253633.0,19111.0,13.2715713463,702.0,271.0,65251.0,64639.0,644.0,1233.0,664.0,2672.0,3618.0,8017.0,1989.0,253.0,16.0,5.0,0.0,0.0,0.0,0.0,0.0,0.0,0.0,0.0,0.0,0.0,0.0,0.0,0.0,0.0,0.0,0.0,0.0,0.0,0.0,0.0
46.7980902778,258747.0,19115.0,13.536332723,702.0,273.0,65255.0,64639.0,698.0,1155.0,578.0,2607.0,3701.0,7981.0,2066.0,309.0,18.0,2.0,0.0,0.0,0.0,0.0,0.0,0.0,0.0,0.0,0.0,0.0,0.0,0.0,0.0,0.0,0.0,0.0,0.0,0.0,0.0,0.0
46.8001736111,258964.0,19120.0,13.5441422594,702.0,272.0,65249.0,64647.0,628.0,1204.0,624.0,2642.0,3685.0,7983.0,2009.0,312.0,31.0,2.0,0.0,0.0,0.0,0.0,0.0,0.0,0.0,0.0,0.0,0.0,0.0,0.0,0.0,0.0,0.0,0.0,0.0,0.0,0.0,0.0
46.8022569444,260130.0,19122.0,13.6037025416,704.0,271.0,65247.0,64643.0,637.0,1218.0,598.0,2635.0,3667.0,8029.0,1967.0,345.0,20.0,5.0,1.0,0.0,0.0,0.0,0.0,0.0,0.0,0.0,0.0,0.0,0.0,0.0,0.0,0.0,0.0,0.0,0.0,0.0,0.0,0.0
46.8043402778,255006.0,19122.0,13.3357389394,704.0,271.0,65249.0,64643.0,668.0,1234.0,572.0,2633.0,3734.0,7952.0,2050.0,259.0,18.0,2.0,0.0,0.0,0.0,0.0,0.0,0.0,0.0,0.0,0.0,0.0,0.0,0.0,0.0,0.0,0.0,0.0,0.0,0.0,0.0,0.0
46.8064236111,259395.0,19127.0,13.5617190359,702.0,272.0,65248.0,64643.0,628.0,1139.0,614.0,2721.0,3728.0,7918.0,2045.0,302.0,26.0,6.0,0.0,0.0,0.0,0.0,0.0,0.0,0.0,0.0,0.0,0.0,0.0,0.0,0.0,0.0,0.0,0.0,0.0,0.0,0.0,0.0
46.8085069444,255449.0,19126.0,13.3561120987,700.0,271.0,65251.0,64643.0,644.0,1241.0,648.0,2696.0,3754.0,7796.0,2042.0,276.0,24.0,5.0,0.0,0.0,0.0,0.0,0.0,0.0,0.0,0.0,0.0,0.0,0.0,0.0,0.0,0.0,0.0,0.0,0.0,0.0,0.0,0.0
46.8105902778,259549.0,19126.0,13.5704799749,702.0,272.0,65249.0,64643.0,647.0,1235.0,583.0,2697.0,3779.0,7702.0,2159.0,298.0,15.0,11.0,0.0,0.0,0.0,0.0,0.0,0.0,0.0,0.0,0.0,0.0,0.0,0.0,0.0,0.0,0.0,0.0,0.0,0.0,0.0,0.0
46.8126736111,258000.0,19127.0,13.4887854865,704.0,272.0,65251.0,64639.0,663.0,1224.0,596.0,2582.0,3727.0,7949.0,2068.0,295.0,21.0,2.0,0.0,0.0,0.0,0.0,0.0,0.0,0.0,0.0,0.0,0.0,0.0,0.0,0.0,0.0,0.0,0.0,0.0,0.0,0.0,0.0
46.8147569444,258545.0,19132.0,13.5137466026,702.0,271.0,65248.0,64639.0,658.0,1145.0,616.0,2684.0,3705.0,7957.0,2025.0,316.0,25.0,1.0,0.0,0.0,0.0,0.0,0.0,0.0,0.0,0.0,0.0,0.0,0.0,0.0,0.0,0.0,0.0,0.0,0.0,0.0,0.0,0.0
46.8168402778,256034.0,19127.0,13.3859988498,704.0,273.0,65248.0,64644.0,647.0,1196.0,635.0,2636.0,3734.0,8000.0,1961.0,294.0,20.0,4.0,0.0,0.0,0.0,0.0,0.0,0.0,0.0,0.0,0.0,0.0,0.0,0.0,0.0,0.0,0.0,0.0,0.0,0.0,0.0,0.0
46.8189236111,258807.0,19129.0,13.5295624445,704.0,275.0,65251.0,64646.0,631.0,1205.0,607.0,2591.0,3735.0,7965.0,2088.0,282.0,20.0,5.0,0.0,0.0,0.0,0.0,0.0,0.0,0.0,0.0,0.0,0.0,0.0,0.0,0.0,0.0,0.0,0.0,0.0,0.0,0.0,0.0
46.8210069444,254276.0,19129.0,13.2926969523,704.0,275.0,65248.0,64643.0,647.0,1290.0,617.0,2622.0,3642.0,8060.0,1955.0,272.0,23.0,1.0,0.0,0.0,0.0,0.0,0.0,0.0,0.0,0.0,0.0,0.0,0.0,0.0,0.0,0.0,0.0,0.0,0.0,0.0,0.0,0.0
46.8230902778,257055.0,19127.0,13.4393788885,704.0,271.0,65248.0,64643.0,693.0,1225.0,611.0,2646.0,3717.0,7893.0,2004.0,313.0,20.0,5.0,0.0,0.0,0.0,0.0,0.0,0.0,0.0,0.0,0.0,0.0,0.0,0.0,0.0,0.0,0.0,0.0,0.0,0.0,0.0,0.0
46.8251736111,255589.0,19122.0,13.3662273821,702.0,273.0,65249.0,64638.0,671.0,1209.0,612.0,2611.0,3619.0,8136.0,1962.0,285.0,14.0,3.0,0.0,0.0,0.0,0.0,0.0,0.0,0.0,0.0,0.0,0.0,0.0,0.0,0.0,0.0,0.0,0.0,0.0,0.0,0.0,0.0
46.8272569444,257661.0,19133.0,13.4668374013,704.0,272.0,65254.0,64644.0,664.0,1203.0,657.0,2622.0,3708.0,7911.0,2051.0,286.0,27.0,4.0,0.0,0.0,0.0,0.0,0.0,0.0,0.0,0.0,0.0,0.0,0.0,0.0,0.0,0.0,0.0,0.0,0.0,0.0,0.0,0.0
46.8293402778,256177.0,19125.0,13.394875817,704.0,271.0,65251.0,64639.0,645.0,1249.0,600.0,2658.0,3527.0,8126.0,2048.0,254.0,12.0,6.0,0.0,0.0,0.0,0.0,0.0,0.0,0.0,0.0,0.0,0.0,0.0,0.0,0.0,0.0,0.0,0.0,0.0,0.0,0.0,0.0
46.8314236111,256701.0,19129.0,13.4194678237,704.0,273.0,65251.0,64646.0,633.0,1277.0,630.0,2589.0,3614.0,8063.0,2026.0,269.0,26.0,2.0,0.0,0.0,0.0,0.0,0.0,0.0,0.0,0.0,0.0,0.0,0.0,0.0,0.0,0.0,0.0,0.0,0.0,0.0,0.0,0.0
46.8335069444,257754.0,19128.0,13.4752195734,704.0,273.0,65248.0,64643.0,663.0,1164.0,625.0,2639.0,3570.0,8142.0,2016.0,285.0,23.0,1.0,0.0,0.0,0.0,0.0,0.0,0.0,0.0,0.0,0.0,0.0,0.0,0.0,0.0,0.0,0.0,0.0,0.0,0.0,0.0,0.0
46.8355902778,258127.0,19125.0,13.4968366013,704.0,273.0,65248.0,64647.0,652.0,1177.0,639.0,2610.0,3660.0,8049.0,2028.0,280.0,26.0,4.0,0.0,0.0,0.0,0.0,0.0,0.0,0.0,0.0,0.0,0.0,0.0,0.0,0.0,0.0,0.0,0.0,0.0,0.0,0.0,0.0
46.8376736111,258618.0,19127.0,13.5210958331,704.0,272.0,65251.0,64646.0,664.0,1248.0,605.0,2618.0,3671.0,7918.0,2079.0,295.0,25.0,4.0,0.0,0.0,0.0,0.0,0.0,0.0,0.0,0.0,0.0,0.0,0.0,0.0,0.0,0.0,0.0,0.0,0.0,0.0,0.0,0.0
46.8397569444,255642.0,19136.0,13.3592182274,704.0,272.0,65249.0,64643.0,645.0,1210.0,628.0,2648.0,3601.0,8149.0,1954.0,280.0,19.0,2.0,0.0,0.0,0.0,0.0,0.0,0.0,0.0,0.0,0.0,0.0,0.0,0.0,0.0,0.0,0.0,0.0,0.0,0.0,0.0,0.0
46.8418402778,254614.0,19125.0,13.3131503268,704.0,271.0,65249.0,64646.0,671.0,1246.0,578.0,2737.0,3660.0,7971.0,1953.0,283.0,22.0,4.0,0.0,0.0,0.0,0.0,0.0,0.0,0.0,0.0,0.0,0.0,0.0,0.0,0.0,0.0,0.0,0.0,0.0,0.0,0.0,0.0
46.8439236111,260989.0,19128.0,13.644343371,704.0,275.0,65251.0,64638.0,625.0,1203.0,601.0,2592.0,3693.0,7981.0,2091.0,318.0,19.0,5.0,0.0,0.0,0.0,0.0,0.0,0.0,0.0,0.0,0.0,0.0,0.0,0.0,0.0,0.0,0.0,0.0,0.0,0.0,0.0,0.0
46.8460069444,260034.0,19127.0,13.5951273069,704.0,275.0,65251.0,64643.0,629.0,1216.0,587.0,2623.0,3764.0,7901.0,2048.0,340.0,12.0,7.0,0.0,0.0,0.0,0.0,0.0,0.0,0.0,0.0,0.0,0.0,0.0,0.0,0.0,0.0,0.0,0.0,0.0,0.0,0.0,0.0
46.8480902778,260782.0,19128.0,13.6335215391,704.0,272.0,65251.0,64639.0,631.0,1204.0,601.0,2620.0,3697.0,8023.0,2003.0,312.0,30.0,6.0,1.0,0.0,0.0,0.0,0.0,0.0,0.0,0.0,0.0,0.0,0.0,0.0,0.0,0.0,0.0,0.0,0.0,0.0,0.0,0.0
46.8501736111,257361.0,19132.0,13.4518607568,705.0,272.0,65248.0,64646.0,668.0,1229.0,550.0,2640.0,3723.0,7984.0,2021.0,290.0,25.0,2.0,0.0,0.0,0.0,0.0,0.0,0.0,0.0,0.0,0.0,0.0,0.0,0.0,0.0,0.0,0.0,0.0,0.0,0.0,0.0,0.0
46.8522569444,257691.0,19135.0,13.4669976483,704.0,273.0,65248.0,64644.0,644.0,1223.0,614.0,2646.0,3674.0,7978.0,2052.0,279.0,18.0,7.0,0.0,0.0,0.0,0.0,0.0,0.0,0.0,0.0,0.0,0.0,0.0,0.0,0.0,0.0,0.0,0.0,0.0,0.0,0.0,0.0
46.8543402778,257222.0,19136.0,13.4417851171,704.0,271.0,65251.0,64644.0,658.0,1232.0,609.0,2657.0,3616.0,8089.0,1933.0,314.0,26.0,2.0,0.0,0.0,0.0,0.0,0.0,0.0,0.0,0.0,0.0,0.0,0.0,0.0,0.0,0.0,0.0,0.0,0.0,0.0,0.0,0.0
46.8564236111,256872.0,19129.0,13.4284071305,704.0,271.0,65251.0,64646.0,707.0,1164.0,620.0,2641.0,3694.0,8011.0,1965.0,304.0,16.0,7.0,0.0,0.0,0.0,0.0,0.0,0.0,0.0,0.0,0.0,0.0,0.0,0.0,0.0,0.0,0.0,0.0,0.0,0.0,0.0,0.0
46.8626736111,257143.0,19136.0,13.4376567726,706.0,270.0,65248.0,64643.0,666.0,1223.0,632.0,2548.0,3968.0,7645.0,2113.0,328.0,12.0,1.0,0.0,0.0,0.0,0.0,0.0,0.0,0.0,0.0,0.0,0.0,0.0,0.0,0.0,0.0,0.0,0.0,0.0,0.0,0.0,0.0
46.8647569444,256176.0,19129.0,13.3920225835,704.0,271.0,65249.0,64646.0,664.0,1250.0,599.0,2636.0,3830.0,7768.0,2050.0,312.0,19.0,1.0,0.0,0.0,0.0,0.0,0.0,0.0,0.0,0.0,0.0,0.0,0.0,0.0,0.0,0.0,0.0,0.0,0.0,0.0,0.0,0.0
46.8668402778,261397.0,19134.0,13.6613881049,704.0,275.0,65248.0,64639.0,630.0,1221.0,622.0,2561.0,3936.0,7703.0,2080.0,352.0,22.0,6.0,1.0,0.0,0.0,0.0,0.0,0.0,0.0,0.0,0.0,0.0,0.0,0.0,0.0,0.0,0.0,0.0,0.0,0.0,0.0,0.0
46.8689236111,257826.0,19130.0,13.4775744903,704.0,272.0,65251.0,64646.0,677.0,1222.0,620.0,2717.0,3648.0,7857.0,2054.0,305.0,26.0,4.0,0.0,0.0,0.0,0.0,0.0,0.0,0.0,0.0,0.0,0.0,0.0,0.0,0.0,0.0,0.0,0.0,0.0,0.0,0.0,0.0
46.8710069444,258604.0,19137.0,13.5132988452,704.0,271.0,65251.0,64644.0,612.0,1206.0,615.0,2602.0,3808.0,7984.0,1970.0,315.0,16.0,9.0,0.0,0.0,0.0,0.0,0.0,0.0,0.0,0.0,0.0,0.0,0.0,0.0,0.0,0.0,0.0,0.0,0.0,0.0,0.0,0.0
46.8730902778,254986.0,19135.0,13.3256336556,705.0,271.0,65248.0,64639.0,683.0,1218.0,572.0,2666.0,3739.0,7955.0,1987.0,301.0,13.0,1.0,0.0,0.0,0.0,0.0,0.0,0.0,0.0,0.0,0.0,0.0,0.0,0.0,0.0,0.0,0.0,0.0,0.0,0.0,0.0,0.0
46.8751736111,261009.0,19129.0,13.6446756234,704.0,272.0,65251.0,64643.0,670.0,1197.0,610.0,2530.0,3625.0,8073.0,2082.0,318.0,22.0,2.0,0.0,0.0,0.0,0.0,0.0,0.0,0.0,0.0,0.0,0.0,0.0,0.0,0.0,0.0,0.0,0.0,0.0,0.0,0.0,0.0
46.8772569444,259517.0,19135.0,13.5624248759,705.0,273.0,65251.0,64639.0,641.0,1239.0,557.0,2703.0,3722.0,7858.0,2075.0,312.0,21.0,7.0,0.0,0.0,0.0,0.0,0.0,0.0,0.0,0.0,0.0,0.0,0.0,0.0,0.0,0.0,0.0,0.0,0.0,0.0,0.0,0.0
46.8793402778,259623.0,19125.0,13.5750588235,705.0,273.0,65249.0,64639.0,659.0,1087.0,554.0,2665.0,3670.0,8102.0,2071.0,300.0,16.0,1.0,0.0,0.0,0.0,0.0,0.0,0.0,0.0,0.0,0.0,0.0,0.0,0.0,0.0,0.0,0.0,0.0,0.0,0.0,0.0,0.0
46.8814236111,257426.0,19129.0,13.4573683935,704.0,271.0,65248.0,64646.0,659.0,1200.0,603.0,2623.0,3700.0,8061.0,1952.0,305.0,21.0,5.0,0.0,0.0,0.0,0.0,0.0,0.0,0.0,0.0,0.0,0.0,0.0,0.0,0.0,0.0,0.0,0.0,0.0,0.0,0.0,0.0
46.8835069444,259712.0,19130.0,13.5761630946,704.0,272.0,65248.0,64646.0,668.0,1212.0,550.0,2608.0,3667.0,8064.0,2025.0,312.0,18.0,6.0,0.0,0.0,0.0,0.0,0.0,0.0,0.0,0.0,0.0,0.0,0.0,0.0,0.0,0.0,0.0,0.0,0.0,0.0,0.0,0.0
46.8855902778,258426.0,19133.0,13.5068206763,704.0,271.0,65250.0,64643.0,685.0,1212.0,575.0,2618.0,3641.0,8023.0,2051.0,307.0,20.0,1.0,0.0,0.0,0.0,0.0,0.0,0.0,0.0,0.0,0.0,0.0,0.0,0.0,0.0,0.0,0.0,0.0,0.0,0.0,0.0,0.0
46.8876736111,260657.0,19132.0,13.6241375706,705.0,273.0,65249.0,64644.0,618.0,1187.0,575.0,2586.0,3727.0,8021.0,2107.0,286.0,18.0,7.0,0.0,0.0,0.0,0.0,0.0,0.0,0.0,0.0,0.0,0.0,0.0,0.0,0.0,0.0,0.0,0.0,0.0,0.0,0.0,0.0
46.8897569444,258690.0,19135.0,13.5192056441,704.0,272.0,65249.0,64639.0,684.0,1200.0,613.0,2636.0,3579.0,8066.0,2035.0,292.0,27.0,3.0,0.0,0.0,0.0,0.0,0.0,0.0,0.0,0.0,0.0,0.0,0.0,0.0,0.0,0.0,0.0,0.0,0.0,0.0,0.0,0.0
46.8918402778,258932.0,19131.0,13.5346819299,705.0,273.0,65248.0,64643.0,633.0,1214.0,577.0,2651.0,3681.0,8026.0,2019.0,303.0,22.0,5.0,0.0,0.0,0.0,0.0,0.0,0.0,0.0,0.0,0.0,0.0,0.0,0.0,0.0,0.0,0.0,0.0,0.0,0.0,0.0,0.0
46.8939236111,261021.0,19130.0,13.6445896498,706.0,272.0,65250.0,64642.0,676.0,1211.0,587.0,2627.0,3604.0,7954.0,2130.0,313.0,26.0,2.0,0.0,0.0,0.0,0.0,0.0,0.0,0.0,0.0,0.0,0.0,0.0,0.0,0.0,0.0,0.0,0.0,0.0,0.0,0.0,0.0
46.8960069444,259417.0,19131.0,13.5600334536,705.0,272.0,65248.0,64643.0,641.0,1173.0,586.0,2660.0,3670.0,8073.0,2001.0,297.0,22.0,8.0,0.0,0.0,0.0,0.0,0.0,0.0,0.0,0.0,0.0,0.0,0.0,0.0,0.0,0.0,0.0,0.0,0.0,0.0,0.0,0.0
46.8980902778,257783.0,19136.0,13.4711015886,705.0,271.0,65249.0,64643.0,657.0,1199.0,592.0,2606.0,3704.0,8039.0,2016.0,303.0,18.0,2.0,0.0,0.0,0.0,0.0,0.0,0.0,0.0,0.0,0.0,0.0,0.0,0.0,0.0,0.0,0.0,0.0,0.0,0.0,0.0,0.0
46.9001736111,256503.0,19127.0,13.4105191614,706.0,275.0,65249.0,64643.0,647.0,1239.0,578.0,2677.0,3691.0,7949.0,2031.0,293.0,21.0,1.0,0.0,0.0,0.0,0.0,0.0,0.0,0.0,0.0,0.0,0.0,0.0,0.0,0.0,0.0,0.0,0.0,0.0,0.0,0.0,0.0
46.9022569444,260103.0,19133.0,13.5944702869,705.0,273.0,65249.0,64639.0,663.0,1173.0,597.0,2604.0,3585.0,8161.0,2018.0,303.0,26.0,3.0,0.0,0.0,0.0,0.0,0.0,0.0,0.0,0.0,0.0,0.0,0.0,0.0,0.0,0.0,0.0,0.0,0.0,0.0,0.0,0.0
46.9043402778,258155.0,19131.0,13.4940672207,705.0,272.0,65251.0,64643.0,661.0,1201.0,573.0,2666.0,3611.0,8090.0,2029.0,278.0,14.0,7.0,1.0,0.0,0.0,0.0,0.0,0.0,0.0,0.0,0.0,0.0,0.0,0.0,0.0,0.0,0.0,0.0,0.0,0.0,0.0,0.0
46.9064236111,256806.0,19122.0,13.4298713524,705.0,273.0,65251.0,64647.0,709.0,1198.0,560.0,2682.0,3650.0,7972.0,2045.0,287.0,13.0,6.0,0.0,0.0,0.0,0.0,0.0,0.0,0.0,0.0,0.0,0.0,0.0,0.0,0.0,0.0,0.0,0.0,0.0,0.0,0.0,0.0
46.9085069444,258405.0,19132.0,13.5064290194,704.0,271.0,65251.0,64643.0,673.0,1187.0,569.0,2712.0,3644.0,7973.0,2050.0,302.0,16.0,6.0,0.0,0.0,0.0,0.0,0.0,0.0,0.0,0.0,0.0,0.0,0.0,0.0,0.0,0.0,0.0,0.0,0.0,0.0,0.0,0.0
46.9105902778,257372.0,19126.0,13.4566558611,704.0,273.0,65248.0,64639.0,671.0,1142.0,595.0,2670.0,3677.0,8028.0,2033.0,295.0,10.0,5.0,0.0,0.0,0.0,0.0,0.0,0.0,0.0,0.0,0.0,0.0,0.0,0.0,0.0,0.0,0.0,0.0,0.0,0.0,0.0,0.0
46.9126736111,257434.0,19127.0,13.4591938098,705.0,273.0,65248.0,64643.0,723.0,1182.0,568.0,2689.0,3593.0,8038.0,2033.0,277.0,15.0,9.0,0.0,0.0,0.0,0.0,0.0,0.0,0.0,0.0,0.0,0.0,0.0,0.0,0.0,0.0,0.0,0.0,0.0,0.0,0.0,0.0
46.9147569444,255405.0,19138.0,13.3454383948,709.0,273.0,65248.0,64643.0,632.0,1279.0,563.0,2690.0,3696.0,8024.0,1950.0,278.0,20.0,6.0,0.0,0.0,0.0,0.0,0.0,0.0,0.0,0.0,0.0,0.0,0.0,0.0,0.0,0.0,0.0,0.0,0.0,0.0,0.0,0.0
46.9168402778,261538.0,19133.0,13.6694715936,706.0,275.0,65248.0,64643.0,675.0,1136.0,567.0,2645.0,3654.0,8030.0,2089.0,303.0,31.0,3.0,0.0,0.0,0.0,0.0,0.0,0.0,0.0,0.0,0.0,0.0,0.0,0.0,0.0,0.0,0.0,0.0,0.0,0.0,0.0,0.0
46.9189236111,258998.0,19132.0,13.5374242107,705.0,272.0,65249.0,64643.0,654.0,1180.0,611.0,2655.0,3599.0,8098.0,1986.0,328.0,18.0,3.0,0.0,0.0,0.0,0.0,0.0,0.0,0.0,0.0,0.0,0.0,0.0,0.0,0.0,0.0,0.0,0.0,0.0,0.0,0.0,0.0
46.9210069444,256801.0,19137.0,13.4190834509,705.0,273.0,65248.0,64646.0,665.0,1209.0,584.0,2734.0,3594.0,8057.0,1984.0,283.0,21.0,6.0,0.0,0.0,0.0,0.0,0.0,0.0,0.0,0.0,0.0,0.0,0.0,0.0,0.0,0.0,0.0,0.0,0.0,0.0,0.0,0.0
46.9230902778,258186.0,19128.0,13.497804266,705.0,273.0,65249.0,64646.0,695.0,1178.0,606.0,2687.0,3587.0,8070.0,1952.0,329.0,19.0,5.0,0.0,0.0,0.0,0.0,0.0,0.0,0.0,0.0,0.0,0.0,0.0,0.0,0.0,0.0,0.0,0.0,0.0,0.0,0.0,0.0
46.9251736111,255512.0,19132.0,13.3552163914,705.0,275.0,65248.0,64643.0,638.0,1200.0,618.0,2627.0,3739.0,7983.0,2038.0,274.0,13.0,2.0,0.0,0.0,0.0,0.0,0.0,0.0,0.0,0.0,0.0,0.0,0.0,0.0,0.0,0.0,0.0,0.0,0.0,0.0,0.0,0.0
46.9272569444,260860.0,19134.0,13.6333228807,706.0,272.0,65251.0,64643.0,616.0,1182.0,559.0,2608.0,3610.0,8187.0,2062.0,282.0,23.0,5.0,0.0,0.0,0.0,0.0,0.0,0.0,0.0,0.0,0.0,0.0,0.0,0.0,0.0,0.0,0.0,0.0,0.0,0.0,0.0,0.0
46.9293402778,258699.0,19137.0,13.5182630506,706.0,272.0,65251.0,64639.0,710.0,1209.0,573.0,2596.0,3681.0,8012.0,2026.0,307.0,16.0,7.0,0.0,0.0,0.0,0.0,0.0,0.0,0.0,0.0,0.0,0.0,0.0,0.0,0.0,0.0,0.0,0.0,0.0,0.0,0.0,0.0
46.9314236111,259755.0,19134.0,13.5755722797,708.0,273.0,65251.0,64639.0,674.0,1151.0,590.0,2628.0,3706.0,7965.0,2119.0,268.0,28.0,5.0,0.0,0.0,0.0,0.0,0.0,0.0,0.0,0.0,0.0,0.0,0.0,0.0,0.0,0.0,0.0,0.0,0.0,0.0,0.0,0.0
46.9335069444,259496.0,19137.0,13.5599101218,705.0,273.0,65251.0,64643.0,685.0,1220.0,570.0,2640.0,3664.0,7931.0,2082.0,325.0,17.0,3.0,0.0,0.0,0.0,0.0,0.0,0.0,0.0,0.0,0.0,0.0,0.0,0.0,0.0,0.0,0.0,0.0,0.0,0.0,0.0,0.0
46.9355902778,259338.0,19134.0,13.553778614,706.0,272.0,65251.0,64639.0,705.0,1162.0,594.0,2583.0,3756.0,7934.0,2076.0,295.0,24.0,5.0,0.0,0.0,0.0,0.0,0.0,0.0,0.0,0.0,0.0,0.0,0.0,0.0,0.0,0.0,0.0,0.0,0.0,0.0,0.0,0.0
46.9376736111,258334.0,19135.0,13.5006009929,706.0,273.0,65249.0,64639.0,665.0,1232.0,571.0,2676.0,3659.0,7971.0,2032.0,304.0,19.0,6.0,0.0,0.0,0.0,0.0,0.0,0.0,0.0,0.0,0.0,0.0,0.0,0.0,0.0,0.0,0.0,0.0,0.0,0.0,0.0,0.0
46.9397569444,259492.0,19136.0,13.560409699,706.0,271.0,65251.0,64643.0,644.0,1192.0,574.0,2594.0,3807.0,7942.0,2067.0,285.0,24.0,7.0,0.0,0.0,0.0,0.0,0.0,0.0,0.0,0.0,0.0,0.0,0.0,0.0,0.0,0.0,0.0,0.0,0.0,0.0,0.0,0.0
46.9418402778,262035.0,19137.0,13.6925850447,708.0,272.0,65251.0,64639.0,660.0,1195.0,562.0,2631.0,3589.0,8074.0,2093.0,298.0,29.0,6.0,0.0,0.0,0.0,0.0,0.0,0.0,0.0,0.0,0.0,0.0,0.0,0.0,0.0,0.0,0.0,0.0,0.0,0.0,0.0,0.0
46.9439236111,263809.0,19136.0,13.7860054348,711.0,272.0,65251.0,64646.0,672.0,1165.0,572.0,2551.0,3686.0,8055.0,2056.0,352.0,18.0,9.0,0.0,0.0,0.0,0.0,0.0,0.0,0.0,0.0,0.0,0.0,0.0,0.0,0.0,0.0,0.0,0.0,0.0,0.0,0.0,0.0
46.9460069444,261841.0,19128.0,13.6888854036,706.0,271.0,65248.0,64644.0,662.0,1163.0,605.0,2649.0,3489.0,8148.0,2069.0,315.0,23.0,5.0,0.0,0.0,0.0,0.0,0.0,0.0,0.0,0.0,0.0,0.0,0.0,0.0,0.0,0.0,0.0,0.0,0.0,0.0,0.0,0.0
46.9480902778,257420.0,19134.0,13.4535382042,705.0,272.0,65251.0,64643.0,699.0,1162.0,585.0,2654.0,3755.0,7860.0,2103.0,300.0,15.0,1.0,0.0,0.0,0.0,0.0,0.0,0.0,0.0,0.0,0.0,0.0,0.0,0.0,0.0,0.0,0.0,0.0,0.0,0.0,0.0,0.0
46.9501736111,261326.0,19129.0,13.6612473208,706.0,275.0,65251.0,64639.0,661.0,1164.0,537.0,2622.0,3799.0,7934.0,2044.0,344.0,18.0,6.0,0.0,0.0,0.0,0.0,0.0,0.0,0.0,0.0,0.0,0.0,0.0,0.0,0.0,0.0,0.0,0.0,0.0,0.0,0.0,0.0
46.9522569444,260729.0,19139.0,13.6229165578,706.0,271.0,65251.0,64646.0,658.0,1233.0,550.0,2589.0,3801.0,7826.0,2158.0,291.0,29.0,4.0,0.0,0.0,0.0,0.0,0.0,0.0,0.0,0.0,0.0,0.0,0.0,0.0,0.0,0.0,0.0,0.0,0.0,0.0,0.0,0.0
46.9543402778,261176.0,19134.0,13.6498379847,709.0,272.0,65250.0,64644.0,639.0,1174.0,577.0,2540.0,3788.0,7999.0,2085.0,306.0,20.0,6.0,0.0,0.0,0.0,0.0,0.0,0.0,0.0,0.0,0.0,0.0,0.0,0.0,0.0,0.0,0.0,0.0,0.0,0.0,0.0,0.0
46.9564236111,258002.0,19144.0,13.4769118262,705.0,271.0,65248.0,64646.0,684.0,1180.0,597.0,2647.0,3752.0,7905.0,2055.0,300.0,20.0,4.0,0.0,0.0,0.0,0.0,0.0,0.0,0.0,0.0,0.0,0.0,0.0,0.0,0.0,0.0,0.0,0.0,0.0,0.0,0.0,0.0
46.9585069444,258071.0,19139.0,13.4840378285,708.0,273.0,65248.0,64643.0,667.0,1269.0,583.0,2615.0,3719.0,7910.0,2047.0,301.0,24.0,4.0,0.0,0.0,0.0,0.0,0.0,0.0,0.0,0.0,0.0,0.0,0.0,0.0,0.0,0.0,0.0,0.0,0.0,0.0,0.0,0.0
46.9605902778,259958.0,19139.0,13.5826323214,706.0,271.0,65249.0,64643.0,699.0,1150.0,544.0,2622.0,3704.0,8044.0,2028.0,327.0,18.0,3.0,0.0,0.0,0.0,0.0,0.0,0.0,0.0,0.0,0.0,0.0,0.0,0.0,0.0,0.0,0.0,0.0,0.0,0.0,0.0,0.0
46.9626736111,258637.0,19140.0,13.5129049112,706.0,272.0,65248.0,64643.0,639.0,1153.0,522.0,2696.0,3799.0,7926.0,2116.0,260.0,26.0,3.0,0.0,0.0,0.0,0.0,0.0,0.0,0.0,0.0,0.0,0.0,0.0,0.0,0.0,0.0,0.0,0.0,0.0,0.0,0.0,0.0
46.9647569444,260118.0,19132.0,13.5959648756,705.0,273.0,65251.0,64641.0,632.0,1138.0,542.0,2728.0,3749.0,7956.0,2053.0,303.0,26.0,5.0,0.0,0.0,0.0,0.0,0.0,0.0,0.0,0.0,0.0,0.0,0.0,0.0,0.0,0.0,0.0,0.0,0.0,0.0,0.0,0.0
46.9668402778,262246.0,19135.0,13.7050431147,705.0,272.0,65251.0,64646.0,677.0,1154.0,532.0,2617.0,3787.0,7882.0,2153.0,303.0,22.0,8.0,0.0,0.0,0.0,0.0,0.0,0.0,0.0,0.0,0.0,0.0,0.0,0.0,0.0,0.0,0.0,0.0,0.0,0.0,0.0,0.0
46.9689236111,259392.0,19147.0,13.547396459,708.0,273.0,65248.0,64639.0,640.0,1222.0,573.0,2682.0,3761.0,7857.0,2052.0,338.0,19.0,3.0,0.0,0.0,0.0,0.0,0.0,0.0,0.0,0.0,0.0,0.0,0.0,0.0,0.0,0.0,0.0,0.0,0.0,0.0,0.0,0.0
46.9710069444,259798.0,19133.0,13.5785292427,706.0,273.0,65251.0,64639.0,656.0,1188.0,551.0,2637.0,3854.0,7760.0,2158.0,308.0,17.0,4.0,0.0,0.0,0.0,0.0,0.0,0.0,0.0,0.0,0.0,0.0,0.0,0.0,0.0,0.0,0.0,0.0,0.0,0.0,0.0,0.0
46.9730902778,259760.0,19136.0,13.5744147157,706.0,273.0,65251.0,64639.0,692.0,1146.0,561.0,2717.0,3780.0,7804.0,2076.0,336.0,20.0,4.0,0.0,0.0,0.0,0.0,0.0,0.0,0.0,0.0,0.0,0.0,0.0,0.0,0.0,0.0,0.0,0.0,0.0,0.0,0.0,0.0
46.9751736111,258844.0,19146.0,13.5194818761,709.0,271.0,65249.0,64643.0,702.0,1138.0,571.0,2741.0,3718.0,7861.0,2071.0,320.0,22.0,2.0,0.0,0.0,0.0,0.0,0.0,0.0,0.0,0.0,0.0,0.0,0.0,0.0,0.0,0.0,0.0,0.0,0.0,0.0,0.0,0.0
46.9772569444,260077.0,19142.0,13.5867203009,705.0,271.0,65249.0,64644.0,692.0,1171.0,529.0,2664.0,3715.0,7894.0,2155.0,299.0,22.0,1.0,0.0,0.0,0.0,0.0,0.0,0.0,0.0,0.0,0.0,0.0,0.0,0.0,0.0,0.0,0.0,0.0,0.0,0.0,0.0,0.0
46.9793402778,256523.0,19141.0,13.4017553942,709.0,273.0,65248.0,64646.0,689.0,1185.0,587.0,2735.0,3739.0,7844.0,2050.0,287.0,20.0,5.0,0.0,0.0,0.0,0.0,0.0,0.0,0.0,0.0,0.0,0.0,0.0,0.0,0.0,0.0,0.0,0.0,0.0,0.0,0.0,0.0
46.9814236111,258032.0,19140.0,13.4812957158,705.0,272.0,65248.0,64647.0,663.0,1220.0,526.0,2726.0,3733.0,7905.0,2038.0,300.0,26.0,3.0,0.0,0.0,0.0,0.0,0.0,0.0,0.0,0.0,0.0,0.0,0.0,0.0,0.0,0.0,0.0,0.0,0.0,0.0,0.0,0.0
46.9835069444,262892.0,19141.0,13.7344966303,705.0,270.0,65252.0,64643.0,660.0,1220.0,548.0,2724.0,3614.0,7852.0,2149.0,346.0,23.0,5.0,0.0,0.0,0.0,0.0,0.0,0.0,0.0,0.0,0.0,0.0,0.0,0.0,0.0,0.0,0.0,0.0,0.0,0.0,0.0,0.0
46.9855902778,259055.0,19138.0,13.5361584283,709.0,272.0,65249.0,64643.0,649.0,1205.0,575.0,2649.0,3775.0,7822.0,2118.0,333.0,11.0,1.0,0.0,0.0,0.0,0.0,0.0,0.0,0.0,0.0,0.0,0.0,0.0,0.0,0.0,0.0,0.0,0.0,0.0,0.0,0.0,0.0
46.9876736111,261917.0,19142.0,13.6828440079,706.0,271.0,65249.0,64643.0,707.0,1217.0,530.0,2660.0,3677.0,7886.0,2115.0,316.0,25.0,9.0,0.0,0.0,0.0,0.0,0.0,0.0,0.0,0.0,0.0,0.0,0.0,0.0,0.0,0.0,0.0,0.0,0.0,0.0,0.0,0.0
46.9897569444,262211.0,19139.0,13.7003500705,706.0,272.0,65248.0,64643.0,680.0,1199.0,568.0,2601.0,3600.0,8062.0,2065.0,336.0,24.0,4.0,0.0,0.0,0.0,0.0,0.0,0.0,0.0,0.0,0.0,0.0,0.0,0.0,0.0,0.0,0.0,0.0,0.0,0.0,0.0,0.0
46.9918402778,257171.0,19136.0,13.4391199833,709.0,272.0,65248.0,64643.0,641.0,1235.0,588.0,2686.0,3726.0,7892.0,2050.0,289.0,28.0,1.0,0.0,0.0,0.0,0.0,0.0,0.0,0.0,0.0,0.0,0.0,0.0,0.0,0.0,0.0,0.0,0.0,0.0,0.0,0.0,0.0
46.9939236111,258224.0,19140.0,13.4913270637,705.0,271.0,65249.0,64647.0,686.0,1164.0,592.0,2635.0,3715.0,8012.0,2024.0,284.0,21.0,7.0,0.0,0.0,0.0,0.0,0.0,0.0,0.0,0.0,0.0,0.0,0.0,0.0,0.0,0.0,0.0,0.0,0.0,0.0,0.0,0.0
46.9960069444,258716.0,19138.0,13.5184449786,704.0,272.0,65251.0,64643.0,678.0,1242.0,577.0,2600.0,3680.0,8024.0,1989.0,324.0,19.0,5.0,0.0,0.0,0.0,0.0,0.0,0.0,0.0,0.0,0.0,0.0,0.0,0.0,0.0,0.0,0.0,0.0,0.0,0.0,0.0,0.0
46.9980902778,258539.0,19139.0,13.5084905167,706.0,273.0,65252.0,64638.0,672.0,1221.0,593.0,2555.0,3709.0,8027.0,2052.0,282.0,24.0,4.0,0.0,0.0,0.0,0.0,0.0,0.0,0.0,0.0,0.0,0.0,0.0,0.0,0.0,0.0,0.0,0.0,0.0,0.0,0.0,0.0
47.0001736111,259312.0,19143.0,13.5460481638,709.0,275.0,65248.0,64644.0,641.0,1220.0,586.0,2594.0,3712.0,8011.0,2045.0,313.0,17.0,4.0,0.0,0.0,0.0,0.0,0.0,0.0,0.0,0.0,0.0,0.0,0.0,0.0,0.0,0.0,0.0,0.0,0.0,0.0,0.0,0.0
47.0022569444,263335.0,19134.0,13.7626737744,706.0,272.0,65251.0,64644.0,700.0,1167.0,536.0,2544.0,3771.0,7919.0,2141.0,323.0,28.0,5.0,0.0,0.0,0.0,0.0,0.0,0.0,0.0,0.0,0.0,0.0,0.0,0.0,0.0,0.0,0.0,0.0,0.0,0.0,0.0,0.0
47.0043402778,260098.0,19140.0,13.5892371996,708.0,271.0,65255.0,64643.0,682.0,1228.0,527.0,2596.0,3673.0,8034.0,2071.0,305.0,19.0,5.0,0.0,0.0,0.0,0.0,0.0,0.0,0.0,0.0,0.0,0.0,0.0,0.0,0.0,0.0,0.0,0.0,0.0,0.0,0.0,0.0
47.0064236111,260604.0,19138.0,13.6170968753,706.0,271.0,65249.0,64646.0,670.0,1202.0,543.0,2579.0,3660.0,8078.0,2062.0,327.0,14.0,3.0,0.0,0.0,0.0,0.0,0.0,0.0,0.0,0.0,0.0,0.0,0.0,0.0,0.0,0.0,0.0,0.0,0.0,0.0,0.0,0.0
47.0085069444,257625.0,19142.0,13.4586250131,706.0,271.0,65248.0,64644.0,656.0,1185.0,558.0,2749.0,3781.0,7842.0,2031.0,317.0,20.0,3.0,0.0,0.0,0.0,0.0,0.0,0.0,0.0,0.0,0.0,0.0,0.0,0.0,0.0,0.0,0.0,0.0,0.0,0.0,0.0,0.0
47.0105902778,259464.0,19135.0,13.5596550823,705.0,271.0,65251.0,64643.0,672.0,1102.0,535.0,2701.0,3685.0,8067.0,2064.0,288.0,15.0,6.0,0.0,0.0,0.0,0.0,0.0,0.0,0.0,0.0,0.0,0.0,0.0,0.0,0.0,0.0,0.0,0.0,0.0,0.0,0.0,0.0
47.0126736111,258664.0,19135.0,13.5178468774,711.0,271.0,65248.0,64646.0,669.0,1154.0,613.0,2653.0,3733.0,7914.0,2073.0,303.0,19.0,4.0,0.0,0.0,0.0,0.0,0.0,0.0,0.0,0.0,0.0,0.0,0.0,0.0,0.0,0.0,0.0,0.0,0.0,0.0,0.0,0.0
47.0147569444,259706.0,19133.0,13.5737207965,706.0,271.0,65251.0,64643.0,679.0,1230.0,550.0,2642.0,3575.0,8066.0,2056.0,311.0,21.0,3.0,0.0,0.0,0.0,0.0,0.0,0.0,0.0,0.0,0.0,0.0,0.0,0.0,0.0,0.0,0.0,0.0,0.0,0.0,0.0,0.0
47.0168402778,257936.0,19135.0,13.479801411,706.0,272.0,65249.0,64646.0,665.0,1168.0,574.0,2629.0,3702.0,8020.0,2090.0,261.0,24.0,2.0,0.0,0.0,0.0,0.0,0.0,0.0,0.0,0.0,0.0,0.0,0.0,0.0,0.0,0.0,0.0,0.0,0.0,0.0,0.0,0.0
47.0189236111,259736.0,19134.0,13.574579283,706.0,272.0,65248.0,64644.0,652.0,1212.0,568.0,2689.0,3623.0,8001.0,2059.0,297.0,29.0,4.0,0.0,0.0,0.0,0.0,0.0,0.0,0.0,0.0,0.0,0.0,0.0,0.0,0.0,0.0,0.0,0.0,0.0,0.0,0.0,0.0
47.0210069444,261019.0,19131.0,13.6437718886,705.0,272.0,65252.0,64647.0,673.0,1197.0,559.0,2580.0,3638.0,8021.0,2134.0,308.0,19.0,2.0,0.0,0.0,0.0,0.0,0.0,0.0,0.0,0.0,0.0,0.0,0.0,0.0,0.0,0.0,0.0,0.0,0.0,0.0,0.0,0.0
47.0230902778,257678.0,19132.0,13.4684298557,711.0,272.0,65251.0,64643.0,671.0,1182.0,572.0,2666.0,3648.0,8053.0,2032.0,286.0,18.0,4.0,0.0,0.0,0.0,0.0,0.0,0.0,0.0,0.0,0.0,0.0,0.0,0.0,0.0,0.0,0.0,0.0,0.0,0.0,0.0,0.0
47.0423148148,258223.0,19135.0,13.4948001045,708.0,272.0,65252.0,64641.0,664.0,1195.0,638.0,2590.0,4180.0,7367.0,2116.0,364.0,18.0,3.0,0.0,0.0,0.0,0.0,0.0,0.0,0.0,0.0,0.0,0.0,0.0,0.0,0.0,0.0,0.0,0.0,0.0,0.0,0.0,0.0
47.0443981481,257123.0,19132.0,13.4394208656,704.0,275.0,65249.0,64642.0,679.0,1163.0,618.0,2711.0,4059.0,7449.0,2096.0,331.0,21.0,5.0,0.0,0.0,0.0,0.0,0.0,0.0,0.0,0.0,0.0,0.0,0.0,0.0,0.0,0.0,0.0,0.0,0.0,0.0,0.0,0.0
47.0464814815,259782.0,19136.0,13.5755643813,708.0,273.0,65248.0,64639.0,583.0,1144.0,589.0,2713.0,3978.0,7686.0,2067.0,357.0,16.0,3.0,0.0,0.0,0.0,0.0,0.0,0.0,0.0,0.0,0.0,0.0,0.0,0.0,0.0,0.0,0.0,0.0,0.0,0.0,0.0,0.0
47.0485648148,259064.0,19135.0,13.5387509799,708.0,273.0,65248.0,64639.0,680.0,1170.0,567.0,2714.0,3886.0,7678.0,2084.0,331.0,18.0,7.0,0.0,0.0,0.0,0.0,0.0,0.0,0.0,0.0,0.0,0.0,0.0,0.0,0.0,0.0,0.0,0.0,0.0,0.0,0.0,0.0
47.0506481481,256386.0,19143.0,13.3931985582,706.0,272.0,65248.0,64647.0,662.0,1172.0,613.0,2699.0,3939.0,7686.0,2020.0,332.0,18.0,2.0,0.0,0.0,0.0,0.0,0.0,0.0,0.0,0.0,0.0,0.0,0.0,0.0,0.0,0.0,0.0,0.0,0.0,0.0,0.0,0.0
47.0527314815,260204.0,19135.0,13.5983276718,709.0,271.0,65251.0,64639.0,632.0,1192.0,540.0,2663.0,3868.0,7777.0,2110.0,335.0,13.0,5.0,0.0,0.0,0.0,0.0,0.0,0.0,0.0,0.0,0.0,0.0,0.0,0.0,0.0,0.0,0.0,0.0,0.0,0.0,0.0,0.0
47.0548148148,258202.0,19135.0,13.4937026391,706.0,272.0,65249.0,64643.0,652.0,1198.0,610.0,2682.0,3836.0,7722.0,2088.0,323.0,22.0,2.0,0.0,0.0,0.0,0.0,0.0,0.0,0.0,0.0,0.0,0.0,0.0,0.0,0.0,0.0,0.0,0.0,0.0,0.0,0.0,0.0
47.0568981481,259974.0,19129.0,13.5905692927,706.0,271.0,65249.0,64642.0,656.0,1114.0,574.0,2624.0,3868.0,7891.0,2065.0,312.0,19.0,6.0,0.0,0.0,0.0,0.0,0.0,0.0,0.0,0.0,0.0,0.0,0.0,0.0,0.0,0.0,0.0,0.0,0.0,0.0,0.0,0.0
47.0589814815,258791.0,19137.0,13.5230704917,708.0,275.0,65248.0,64639.0,651.0,1213.0,587.0,2763.0,3775.0,7739.0,2060.0,315.0,27.0,7.0,0.0,0.0,0.0,0.0,0.0,0.0,0.0,0.0,0.0,0.0,0.0,0.0,0.0,0.0,0.0,0.0,0.0,0.0,0.0,0.0
47.0610648148,257502.0,19143.0,13.4514966306,704.0,272.0,65248.0,64646.0,650.0,1258.0,608.0,2665.0,3752.0,7787.0,2087.0,313.0,23.0,0.0,0.0,0.0,0.0,0.0,0.0,0.0,0.0,0.0,0.0,0.0,0.0,0.0,0.0,0.0,0.0,0.0,0.0,0.0,0.0,0.0
47.0631481481,256712.0,19141.0,13.4116294864,706.0,273.0,65249.0,64639.0,677.0,1210.0,579.0,2660.0,3779.0,7872.0,2055.0,282.0,25.0,2.0,0.0,0.0,0.0,0.0,0.0,0.0,0.0,0.0,0.0,0.0,0.0,0.0,0.0,0.0,0.0,0.0,0.0,0.0,0.0,0.0
47.0652314815,260185.0,19138.0,13.5952032605,705.0,275.0,65248.0,64647.0,669.0,1193.0,554.0,2517.0,3895.0,7873.0,2084.0,335.0,16.0,2.0,0.0,0.0,0.0,0.0,0.0,0.0,0.0,0.0,0.0,0.0,0.0,0.0,0.0,0.0,0.0,0.0,0.0,0.0,0.0,0.0
47.0673148148,257457.0,19141.0,13.4505511729,706.0,275.0,65248.0,64644.0,662.0,1197.0,584.0,2653.0,3738.0,7959.0,2030.0,294.0,21.0,3.0,0.0,0.0,0.0,0.0,0.0,0.0,0.0,0.0,0.0,0.0,0.0,0.0,0.0,0.0,0.0,0.0,0.0,0.0,0.0,0.0
47.0693981481,260827.0,19137.0,13.6294612531,706.0,275.0,65251.0,64639.0,639.0,1187.0,554.0,2655.0,3763.0,7871.0,2131.0,316.0,15.0,6.0,0.0,0.0,0.0,0.0,0.0,0.0,0.0,0.0,0.0,0.0,0.0,0.0,0.0,0.0,0.0,0.0,0.0,0.0,0.0,0.0
47.0714814815,261277.0,19131.0,13.6572578537,709.0,272.0,65251.0,64639.0,701.0,1187.0,513.0,2682.0,3696.0,7883.0,2089.0,363.0,14.0,3.0,0.0,0.0,0.0,0.0,0.0,0.0,0.0,0.0,0.0,0.0,0.0,0.0,0.0,0.0,0.0,0.0,0.0,0.0,0.0,0.0
47.0735648148,260069.0,19135.0,13.5912725372,704.0,272.0,65248.0,64646.0,655.0,1183.0,577.0,2577.0,3782.0,7971.0,2035.0,331.0,22.0,2.0,0.0,0.0,0.0,0.0,0.0,0.0,0.0,0.0,0.0,0.0,0.0,0.0,0.0,0.0,0.0,0.0,0.0,0.0,0.0,0.0
47.0756481481,259302.0,19132.0,13.5533138198,705.0,271.0,65249.0,64641.0,689.0,1228.0,589.0,2576.0,3726.0,7855.0,2161.0,283.0,20.0,5.0,0.0,0.0,0.0,0.0,0.0,0.0,0.0,0.0,0.0,0.0,0.0,0.0,0.0,0.0,0.0,0.0,0.0,0.0,0.0,0.0
47.0777314815,257275.0,19127.0,13.4508809536,706.0,275.0,65248.0,64643.0,686.0,1199.0,544.0,2679.0,3698.0,7990.0,1992.0,321.0,16.0,2.0,0.0,0.0,0.0,0.0,0.0,0.0,0.0,0.0,0.0,0.0,0.0,0.0,0.0,0.0,0.0,0.0,0.0,0.0,0.0,0.0
47.0798148148,260907.0,19131.0,13.6379175161,705.0,272.0,65249.0,64643.0,639.0,1169.0,567.0,2591.0,3886.0,7828.0,2110.0,311.0,25.0,5.0,0.0,0.0,0.0,0.0,0.0,0.0,0.0,0.0,0.0,0.0,0.0,0.0,0.0,0.0,0.0,0.0,0.0,0.0,0.0,0.0
47.0818981481,262869.0,19133.0,13.7390372655,705.0,272.0,65251.0,64638.0,593.0,1121.0,580.0,2605.0,3883.0,7854.0,2144.0,322.0,29.0,2.0,0.0,0.0,0.0,0.0,0.0,0.0,0.0,0.0,0.0,0.0,0.0,0.0,0.0,0.0,0.0,0.0,0.0,0.0,0.0,0.0
47.0839814815,256007.0,19137.0,13.3775931442,706.0,275.0,65251.0,64643.0,677.0,1159.0,560.0,2770.0,3765.0,7865.0,2037.0,278.0,23.0,3.0,0.0,0.0,0.0,0.0,0.0,0.0,0.0,0.0,0.0,0.0,0.0,0.0,0.0,0.0,0.0,0.0,0.0,0.0,0.0,0.0
47.0860648148,260478.0,19123.0,13.621189144,705.0,275.0,65252.0,64643.0,625.0,1222.0,566.0,2605.0,3719.0,7942.0,2110.0,307.0,25.0,2.0,0.0,0.0,0.0,0.0,0.0,0.0,0.0,0.0,0.0,0.0,0.0,0.0,0.0,0.0,0.0,0.0,0.0,0.0,0.0,0.0
47.0881481481,260430.0,19132.0,13.6122726322,706.0,272.0,65248.0,64644.0,717.0,1140.0,581.0,2652.0,3724.0,7892.0,2090.0,302.0,27.0,7.0,0.0,0.0,0.0,0.0,0.0,0.0,0.0,0.0,0.0,0.0,0.0,0.0,0.0,0.0,0.0,0.0,0.0,0.0,0.0,0.0
47.0902314815,258191.0,19126.0,13.4994771515,708.0,275.0,65249.0,64646.0,647.0,1153.0,583.0,2652.0,3756.0,7909.0,2127.0,278.0,20.0,1.0,0.0,0.0,0.0,0.0,0.0,0.0,0.0,0.0,0.0,0.0,0.0,0.0,0.0,0.0,0.0,0.0,0.0,0.0,0.0,0.0
47.0923148148,259751.0,19129.0,13.5789116002,705.0,273.0,65251.0,64640.0,658.0,1179.0,622.0,2642.0,3773.0,7830.0,2085.0,316.0,14.0,10.0,0.0,0.0,0.0,0.0,0.0,0.0,0.0,0.0,0.0,0.0,0.0,0.0,0.0,0.0,0.0,0.0,0.0,0.0,0.0,0.0
47.0943981481,255926.0,19132.0,13.37685553,705.0,271.0,65251.0,64643.0,687.0,1188.0,611.0,2673.0,3801.0,7824.0,2018.0,310.0,18.0,2.0,0.0,0.0,0.0,0.0,0.0,0.0,0.0,0.0,0.0,0.0,0.0,0.0,0.0,0.0,0.0,0.0,0.0,0.0,0.0,0.0
47.0964814815,259776.0,19132.0,13.5780890654,705.0,272.0,65248.0,64643.0,669.0,1218.0,565.0,2627.0,3721.0,7912.0,2066.0,332.0,19.0,3.0,0.0,0.0,0.0,0.0,0.0,0.0,0.0,0.0,0.0,0.0,0.0,0.0,0.0,0.0,0.0,0.0,0.0,0.0,0.0,0.0
47.0985648148,260017.0,19128.0,13.5935278126,705.0,271.0,65251.0,64639.0,638.0,1199.0,577.0,2658.0,3713.0,7915.0,2102.0,298.0,22.0,6.0,0.0,0.0,0.0,0.0,0.0,0.0,0.0,0.0,0.0,0.0,0.0,0.0,0.0,0.0,0.0,0.0,0.0,0.0,0.0,0.0
47.1006481481,256862.0,19128.0,13.4285863655,705.0,272.0,65251.0,64643.0,659.0,1150.0,534.0,2709.0,3858.0,7863.0,2041.0,293.0,18.0,3.0,0.0,0.0,0.0,0.0,0.0,0.0,0.0,0.0,0.0,0.0,0.0,0.0,0.0,0.0,0.0,0.0,0.0,0.0,0.0,0.0
47.1027314815,261031.0,19130.0,13.6451123889,705.0,271.0,65254.0,64643.0,662.0,1191.0,568.0,2552.0,3846.0,7884.0,2084.0,313.0,22.0,8.0,0.0,0.0,0.0,0.0,0.0,0.0,0.0,0.0,0.0,0.0,0.0,0.0,0.0,0.0,0.0,0.0,0.0,0.0,0.0,0.0
47.1048148148,260235.0,19130.0,13.6035023523,704.0,273.0,65249.0,64639.0,686.0,1181.0,579.0,2642.0,3678.0,7913.0,2099.0,333.0,16.0,3.0,0.0,0.0,0.0,0.0,0.0,0.0,0.0,0.0,0.0,0.0,0.0,0.0,0.0,0.0,0.0,0.0,0.0,0.0,0.0,0.0
47.1068981481,258222.0,19132.0,13.496863893,704.0,271.0,65251.0,64639.0,674.0,1172.0,629.0,2722.0,3707.0,7835.0,2065.0,298.0,23.0,7.0,0.0,0.0,0.0,0.0,0.0,0.0,0.0,0.0,0.0,0.0,0.0,0.0,0.0,0.0,0.0,0.0,0.0,0.0,0.0,0.0
47.1089814815,259679.0,19135.0,13.5708910374,704.0,273.0,65254.0,64646.0,707.0,1231.0,574.0,2573.0,3722.0,7889.0,2088.0,324.0,27.0,0.0,0.0,0.0,0.0,0.0,0.0,0.0,0.0,0.0,0.0,0.0,0.0,0.0,0.0,0.0,0.0,0.0,0.0,0.0,0.0,0.0
47.1110648148,259730.0,19133.0,13.5749751738,704.0,272.0,65251.0,64646.0,684.0,1238.0,564.0,2681.0,3662.0,7816.0,2158.0,307.0,18.0,5.0,0.0,0.0,0.0,0.0,0.0,0.0,0.0,0.0,0.0,0.0,0.0,0.0,0.0,0.0,0.0,0.0,0.0,0.0,0.0,0.0
47.1131481481,256559.0,19133.0,13.4092405791,705.0,272.0,65248.0,64643.0,661.0,1183.0,548.0,2674.0,3758.0,8031.0,1961.0,290.0,25.0,2.0,0.0,0.0,0.0,0.0,0.0,0.0,0.0,0.0,0.0,0.0,0.0,0.0,0.0,0.0,0.0,0.0,0.0,0.0,0.0,0.0
47.1152314815,260740.0,19132.0,13.628475852,705.0,273.0,65248.0,64636.0,634.0,1240.0,518.0,2612.0,3794.0,7982.0,2003.0,316.0,22.0,11.0,0.0,0.0,0.0,0.0,0.0,0.0,0.0,0.0,0.0,0.0,0.0,0.0,0.0,0.0,0.0,0.0,0.0,0.0,0.0,0.0
47.1173148148,261643.0,19130.0,13.6771040251,704.0,273.0,65248.0,64643.0,652.0,1145.0,583.0,2653.0,3714.0,7928.0,2108.0,316.0,27.0,4.0,0.0,0.0,0.0,0.0,0.0,0.0,0.0,0.0,0.0,0.0,0.0,0.0,0.0,0.0,0.0,0.0,0.0,0.0,0.0,0.0
47.1193981481,259612.0,19128.0,13.5723546633,705.0,273.0,65247.0,64643.0,619.0,1216.0,556.0,2597.0,3846.0,7892.0,2064.0,314.0,19.0,5.0,0.0,0.0,0.0,0.0,0.0,0.0,0.0,0.0,0.0,0.0,0.0,0.0,0.0,0.0,0.0,0.0,0.0,0.0,0.0,0.0
47.1214814815,260492.0,19126.0,13.6197845864,705.0,271.0,65251.0,64639.0,666.0,1200.0,546.0,2580.0,3763.0,7955.0,2090.0,299.0,19.0,8.0,0.0,0.0,0.0,0.0,0.0,0.0,0.0,0.0,0.0,0.0,0.0,0.0,0.0,0.0,0.0,0.0,0.0,0.0,0.0,0.0
47.1235648148,260280.0,19123.0,13.61083512,706.0,272.0,65252.0,64646.0,680.0,1184.0,524.0,2704.0,3650.0,7895.0,2152.0,313.0,20.0,1.0,0.0,0.0,0.0,0.0,0.0,0.0,0.0,0.0,0.0,0.0,0.0,0.0,0.0,0.0,0.0,0.0,0.0,0.0,0.0,0.0
47.1256481481,257995.0,19131.0,13.4857038315,705.0,272.0,65248.0,64646.0,682.0,1141.0,601.0,2615.0,3739.0,8005.0,2029.0,296.0,20.0,3.0,0.0,0.0,0.0,0.0,0.0,0.0,0.0,0.0,0.0,0.0,0.0,0.0,0.0,0.0,0.0,0.0,0.0,0.0,0.0,0.0
47.1277314815,258647.0,19126.0,13.5233190421,704.0,271.0,65248.0,64639.0,678.0,1281.0,567.0,2610.0,3644.0,7964.0,2050.0,301.0,28.0,3.0,0.0,0.0,0.0,0.0,0.0,0.0,0.0,0.0,0.0,0.0,0.0,0.0,0.0,0.0,0.0,0.0,0.0,0.0,0.0,0.0
47.1298148148,257849.0,19135.0,13.4752547687,704.0,275.0,65251.0,64647.0,646.0,1219.0,601.0,2739.0,3763.0,7792.0,2019.0,328.0,24.0,4.0,0.0,0.0,0.0,0.0,0.0,0.0,0.0,0.0,0.0,0.0,0.0,0.0,0.0,0.0,0.0,0.0,0.0,0.0,0.0,0.0
47.1318981481,257497.0,19130.0,13.4603763722,704.0,272.0,65249.0,64647.0,693.0,1175.0,569.0,2656.0,3728.0,7925.0,2078.0,281.0,23.0,2.0,0.0,0.0,0.0,0.0,0.0,0.0,0.0,0.0,0.0,0.0,0.0,0.0,0.0,0.0,0.0,0.0,0.0,0.0,0.0,0.0
47.1339814815,261315.0,19129.0,13.6606722777,704.0,273.0,65248.0,64639.0,646.0,1185.0,635.0,2607.0,3666.0,7962.0,2088.0,313.0,16.0,11.0,0.0,0.0,0.0,0.0,0.0,0.0,0.0,0.0,0.0,0.0,0.0,0.0,0.0,0.0,0.0,0.0,0.0,0.0,0.0,0.0
47.1360648148,257503.0,19130.0,13.4606900157,704.0,275.0,65251.0,64643.0,654.0,1209.0,579.0,2662.0,3811.0,7879.0,1988.0,326.0,17.0,5.0,0.0,0.0,0.0,0.0,0.0,0.0,0.0,0.0,0.0,0.0,0.0,0.0,0.0,0.0,0.0,0.0,0.0,0.0,0.0,0.0
47.1381481481,260062.0,19135.0,13.5909067154,704.0,271.0,65251.0,64641.0,646.0,1288.0,549.0,2605.0,3615.0,7986.0,2106.0,320.0,19.0,1.0,0.0,0.0,0.0,0.0,0.0,0.0,0.0,0.0,0.0,0.0,0.0,0.0,0.0,0.0,0.0,0.0,0.0,0.0,0.0,0.0
47.1402314815,255278.0,19131.0,13.3436830275,704.0,273.0,65249.0,64643.0,662.0,1206.0,582.0,2717.0,3759.0,7842.0,2067.0,276.0,19.0,1.0,0.0,0.0,0.0,0.0,0.0,0.0,0.0,0.0,0.0,0.0,0.0,0.0,0.0,0.0,0.0,0.0,0.0,0.0,0.0,0.0
47.1423148148,258381.0,19129.0,13.5072925924,704.0,271.0,65251.0,64644.0,655.0,1183.0,623.0,2684.0,3588.0,7976.0,2114.0,286.0,17.0,3.0,0.0,0.0,0.0,0.0,0.0,0.0,0.0,0.0,0.0,0.0,0.0,0.0,0.0,0.0,0.0,0.0,0.0,0.0,0.0,0.0
47.1443981481,257482.0,19129.0,13.4602958858,704.0,273.0,65251.0,64644.0,694.0,1256.0,551.0,2561.0,3740.0,7975.0,2028.0,305.0,15.0,4.0,0.0,0.0,0.0,0.0,0.0,0.0,0.0,0.0,0.0,0.0,0.0,0.0,0.0,0.0,0.0,0.0,0.0,0.0,0.0,0.0
47.1464814815,260968.0,19127.0,13.6439588017,704.0,271.0,65251.0,64646.0,663.0,1208.0,590.0,2653.0,3648.0,7928.0,2075.0,335.0,22.0,5.0,0.0,0.0,0.0,0.0,0.0,0.0,0.0,0.0,0.0,0.0,0.0,0.0,0.0,0.0,0.0,0.0,0.0,0.0,0.0,0.0
47.1485648148,261204.0,19135.0,13.6505879279,704.0,272.0,65248.0,64644.0,643.0,1128.0,616.0,2693.0,3779.0,7837.0,2087.0,317.0,28.0,7.0,0.0,0.0,0.0,0.0,0.0,0.0,0.0,0.0,0.0,0.0,0.0,0.0,0.0,0.0,0.0,0.0,0.0,0.0,0.0,0.0
47.1506481481,262338.0,19129.0,13.7141512886,704.0,271.0,65249.0,64643.0,633.0,1196.0,557.0,2657.0,3761.0,7849.0,2113.0,334.0,21.0,8.0,0.0,0.0,0.0,0.0,0.0,0.0,0.0,0.0,0.0,0.0,0.0,0.0,0.0,0.0,0.0,0.0,0.0,0.0,0.0,0.0
47.1527314815,258966.0,19127.0,13.5392900089,704.0,273.0,65251.0,64639.0,675.0,1214.0,552.0,2578.0,3754.0,8017.0,2013.0,293.0,24.0,7.0,0.0,0.0,0.0,0.0,0.0,0.0,0.0,0.0,0.0,0.0,0.0,0.0,0.0,0.0,0.0,0.0,0.0,0.0,0.0,0.0
47.1548148148,256852.0,19130.0,13.4266596968,704.0,275.0,65251.0,64639.0,695.0,1178.0,581.0,2684.0,3820.0,7836.0,2031.0,265.0,34.0,6.0,0.0,0.0,0.0,0.0,0.0,0.0,0.0,0.0,0.0,0.0,0.0,0.0,0.0,0.0,0.0,0.0,0.0,0.0,0.0,0.0
47.1568981481,261202.0,19135.0,13.6504834074,705.0,273.0,65251.0,64643.0,670.0,1164.0,617.0,2547.0,3733.0,7934.0,2127.0,317.0,25.0,1.0,0.0,0.0,0.0,0.0,0.0,0.0,0.0,0.0,0.0,0.0,0.0,0.0,0.0,0.0,0.0,0.0,0.0,0.0,0.0,0.0
47.1589814815,257210.0,19130.0,13.4453737585,702.0,272.0,65249.0,64639.0,613.0,1274.0,572.0,2608.0,3877.0,7806.0,2052.0,308.0,16.0,4.0,0.0,0.0,0.0,0.0,0.0,0.0,0.0,0.0,0.0,0.0,0.0,0.0,0.0,0.0,0.0,0.0,0.0,0.0,0.0,0.0
47.1610648148,254946.0,19119.0,13.3346932371,705.0,272.0,65248.0,64647.0,650.0,1272.0,583.0,2665.0,3771.0,7852.0,1997.0,316.0,11.0,2.0,0.0,0.0,0.0,0.0,0.0,0.0,0.0,0.0,0.0,0.0,0.0,0.0,0.0,0.0,0.0,0.0,0.0,0.0,0.0,0.0
47.1631481481,258427.0,19127.0,13.5111099493,704.0,272.0,65249.0,64647.0,665.0,1209.0,621.0,2646.0,3770.0,7788.0,2072.0,338.0,15.0,3.0,0.0,0.0,0.0,0.0,0.0,0.0,0.0,0.0,0.0,0.0,0.0,0.0,0.0,0.0,0.0,0.0,0.0,0.0,0.0,0.0
47.1652314815,261350.0,19127.0,13.6639305694,704.0,272.0,65247.0,64639.0,676.0,1086.0,620.0,2612.0,3750.0,7935.0,2089.0,337.0,19.0,3.0,0.0,0.0,0.0,0.0,0.0,0.0,0.0,0.0,0.0,0.0,0.0,0.0,0.0,0.0,0.0,0.0,0.0,0.0,0.0,0.0
47.1673148148,257043.0,19126.0,13.4394541462,704.0,271.0,65251.0,64647.0,697.0,1215.0,556.0,2627.0,3766.0,7882.0,2067.0,297.0,16.0,3.0,0.0,0.0,0.0,0.0,0.0,0.0,0.0,0.0,0.0,0.0,0.0,0.0,0.0,0.0,0.0,0.0,0.0,0.0,0.0,0.0
47.1693981481,259563.0,19128.0,13.5697929737,704.0,273.0,65248.0,64639.0,695.0,1191.0,590.0,2610.0,3764.0,7912.0,1994.0,346.0,20.0,6.0,0.0,0.0,0.0,0.0,0.0,0.0,0.0,0.0,0.0,0.0,0.0,0.0,0.0,0.0,0.0,0.0,0.0,0.0,0.0,0.0
47.1714814815,259173.0,19119.0,13.5557822062,704.0,273.0,65251.0,64644.0,679.0,1211.0,559.0,2603.0,3772.0,7914.0,2045.0,314.0,14.0,7.0,1.0,0.0,0.0,0.0,0.0,0.0,0.0,0.0,0.0,0.0,0.0,0.0,0.0,0.0,0.0,0.0,0.0,0.0,0.0,0.0
47.1735648148,259416.0,19125.0,13.5642352941,704.0,271.0,65249.0,64638.0,717.0,1150.0,603.0,2597.0,3754.0,7894.0,2073.0,307.0,26.0,4.0,0.0,0.0,0.0,0.0,0.0,0.0,0.0,0.0,0.0,0.0,0.0,0.0,0.0,0.0,0.0,0.0,0.0,0.0,0.0,0.0
47.1756481481,256686.0,19125.0,13.4214901961,704.0,271.0,65251.0,64646.0,663.0,1236.0,599.0,2613.0,3721.0,7915.0,2063.0,298.0,16.0,1.0,0.0,0.0,0.0,0.0,0.0,0.0,0.0,0.0,0.0,0.0,0.0,0.0,0.0,0.0,0.0,0.0,0.0,0.0,0.0,0.0
47.1777314815,257387.0,19127.0,13.4567365504,705.0,272.0,65250.0,64642.0,668.0,1217.0,581.0,2668.0,3756.0,7899.0,2005.0,307.0,20.0,6.0,0.0,0.0,0.0,0.0,0.0,0.0,0.0,0.0,0.0,0.0,0.0,0.0,0.0,0.0,0.0,0.0,0.0,0.0,0.0,0.0
47.1798148148,258954.0,19122.0,13.5422026985,704.0,271.0,65251.0,64644.0,687.0,1228.0,545.0,2695.0,3626.0,7941.0,2050.0,332.0,13.0,5.0,0.0,0.0,0.0,0.0,0.0,0.0,0.0,0.0,0.0,0.0,0.0,0.0,0.0,0.0,0.0,0.0,0.0,0.0,0.0,0.0
47.1818981481,260619.0,19125.0,13.6271372549,704.0,273.0,65251.0,64643.0,675.0,1237.0,565.0,2609.0,3655.0,7951.0,2093.0,309.0,26.0,5.0,0.0,0.0,0.0,0.0,0.0,0.0,0.0,0.0,0.0,0.0,0.0,0.0,0.0,0.0,0.0,0.0,0.0,0.0,0.0,0.0
47.1839814815,260714.0,19126.0,13.6313918226,704.0,273.0,65250.0,64639.0,653.0,1208.0,535.0,2673.0,3634.0,8017.0,2073.0,300.0,28.0,5.0,0.0,0.0,0.0,0.0,0.0,0.0,0.0,0.0,0.0,0.0,0.0,0.0,0.0,0.0,0.0,0.0,0.0,0.0,0.0,0.0
47.1860648148,256762.0,19117.0,13.4310822828,704.0,273.0,65249.0,64643.0,660.0,1248.0,607.0,2585.0,3625.0,8073.0,2013.0,284.0,19.0,3.0,0.0,0.0,0.0,0.0,0.0,0.0,0.0,0.0,0.0,0.0,0.0,0.0,0.0,0.0,0.0,0.0,0.0,0.0,0.0,0.0
47.1881481481,250768.0,19121.0,13.1147952513,704.0,271.0,65251.0,64646.0,726.0,1264.0,588.0,2752.0,3621.0,7990.0,1904.0,248.0,27.0,1.0,0.0,0.0,0.0,0.0,0.0,0.0,0.0,0.0,0.0,0.0,0.0,0.0,0.0,0.0,0.0,0.0,0.0,0.0,0.0,0.0
47.1902314815,256045.0,19118.0,13.3928758238,704.0,271.0,65248.0,64646.0,642.0,1245.0,612.0,2650.0,3666.0,8009.0,1982.0,287.0,21.0,4.0,0.0,0.0,0.0,0.0,0.0,0.0,0.0,0.0,0.0,0.0,0.0,0.0,0.0,0.0,0.0,0.0,0.0,0.0,0.0,0.0
47.1923148148,257279.0,19115.0,13.4595343971,704.0,271.0,65249.0,64643.0,728.0,1187.0,582.0,2698.0,3691.0,7889.0,1996.0,311.0,30.0,3.0,0.0,0.0,0.0,0.0,0.0,0.0,0.0,0.0,0.0,0.0,0.0,0.0,0.0,0.0,0.0,0.0,0.0,0.0,0.0,0.0
47.1943981481,258506.0,19126.0,13.5159468786,704.0,275.0,65248.0,64639.0,636.0,1216.0,599.0,2619.0,3728.0,7991.0,1996.0,320.0,14.0,7.0,0.0,0.0,0.0,0.0,0.0,0.0,0.0,0.0,0.0,0.0,0.0,0.0,0.0,0.0,0.0,0.0,0.0,0.0,0.0,0.0
47.1964814815,258420.0,19112.0,13.5213478443,704.0,275.0,65251.0,64639.0,618.0,1258.0,597.0,2636.0,3688.0,7929.0,2069.0,293.0,16.0,8.0,0.0,0.0,0.0,0.0,0.0,0.0,0.0,0.0,0.0,0.0,0.0,0.0,0.0,0.0,0.0,0.0,0.0,0.0,0.0,0.0
47.1985648148,258774.0,19121.0,13.533497202,702.0,270.0,65248.0,64646.0,647.0,1250.0,558.0,2640.0,3743.0,7928.0,2015.0,304.0,32.0,4.0,0.0,0.0,0.0,0.0,0.0,0.0,0.0,0.0,0.0,0.0,0.0,0.0,0.0,0.0,0.0,0.0,0.0,0.0,0.0,0.0
47.2006481481,259401.0,19120.0,13.5669979079,704.0,268.0,65248.0,64643.0,621.0,1205.0,572.0,2697.0,3659.0,7968.0,2059.0,317.0,18.0,4.0,0.0,0.0,0.0,0.0,0.0,0.0,0.0,0.0,0.0,0.0,0.0,0.0,0.0,0.0,0.0,0.0,0.0,0.0,0.0,0.0
47.2027314815,262712.0,19126.0,13.7358569487,702.0,273.0,65248.0,64639.0,680.0,1168.0,556.0,2636.0,3790.0,7837.0,2087.0,336.0,26.0,10.0,0.0,0.0,0.0,0.0,0.0,0.0,0.0,0.0,0.0,0.0,0.0,0.0,0.0,0.0,0.0,0.0,0.0,0.0,0.0,0.0
